<?xml version="1.0" encoding="UTF-8"?>
<beans xmlns="http://www.springframework.org/schema/beans"
       xmlns:xsi="http://www.w3.org/2001/XMLSchema-instance"
       xmlns:aop="http://www.springframework.org/schema/aop"
       xmlns:c="http://www.springframework.org/schema/c"
       xmlns:context="http://www.springframework.org/schema/context"
       xmlns:flow="http://www.springframework.org/schema/webflow-config"
       xmlns:jee="http://www.springframework.org/schema/jee"
       xmlns:jms="http://www.springframework.org/schema/jms"
       xmlns:lang="http://www.springframework.org/schema/lang"
       xmlns:osgi="http://www.springframework.org/schema/osgi"
       xmlns:p="http://www.springframework.org/schema/p"
       xmlns:tx="http://www.springframework.org/schema/tx"
       xmlns:util="http://www.springframework.org/schema/util"
 	   xmlns:mvc="http://www.springframework.org/schema/mvc" 
 	   
       xsi:schemaLocation="http://www.springframework.org/schema/beans http://www.springframework.org/schema/beans/spring-beans-4.0.xsd
       	  http://www.springframework.org/schema/mvc http://www.springframework.org/schema/mvc/spring-mvc-4.0.xsd
          http://www.springframework.org/schema/aop http://www.springframework.org/schema/aop/spring-aop-4.0.xsd
          http://www.springframework.org/schema/context http://www.springframework.org/schema/context/spring-context-4.0.xsd
          http://www.springframework.org/schema/webflow-config http://www.springframework.org/schema/webflow-config/spring-webflow-config-2.0.xsd
          http://www.springframework.org/schema/jee http://www.springframework.org/schema/jee/spring-jee-4.0.xsd
          http://www.springframework.org/schema/jms http://www.springframework.org/schema/jms/spring-jms-4.0.xsd
          http://www.springframework.org/schema/lang http://www.springframework.org/schema/lang/spring-lang-4.0.xsd
          http://www.springframework.org/schema/osgi http://www.springframework.org/schema/osgi/spring-osgi-1.2.xsd
          http://www.springframework.org/schema/tx http://www.springframework.org/schema/tx/spring-tx-4.0.xsd
          http://www.springframework.org/schema/util http://www.springframework.org/schema/util/spring-util-4.0.xsd">


   <bean id="viewResolver" class="org.springframework.web.servlet.view.InternalResourceViewResolver" 
   p:viewClass="org.springframework.web.servlet.view.JstlView" 
   p:prefix="/WEB-INF/pages/" p:suffix=".jsp" />

	<!-- 注释配置 -->
	<!-- 把标记了 @Controller 注解的类转换为spring bean -->
	<mvc:annotation-driven />

	<context:annotation-config />
	<!-- 查找相应的包 -->
	<context:component-scan base-package="com.isatk.controller" />	
	<!-- 拦截器的设置 -->
	<mvc:interceptors>  
		<bean class="org.springframework.web.servlet.i18n.LocaleChangeInterceptor" /> 
        
        <mvc:interceptor>  
            <!--设置拦截的路径-->  
            <mvc:mapping path="/web/**"/> 
            <bean class="com.isatk.core.interceptor.WebInterceptor"></bean>  
        </mvc:interceptor> 
    </mvc:interceptors>  
    
    <!-- 设置静态资源请求 -->
	<mvc:resources mapping="/resources/**" location="/resources/"/> 
    
    <!-- 默认servlet处理静态资源，实际上是：DispatcherServlet把找不到的请求映射到默认的servlet，从而实现处理静态资源的请求 -->
    <!-- <mvc:default-servlet-handler/> -->
    
    <!-- 静态资源的例外处理,可以将静态资源放置于web-inf目录下 -->
    <!-- <mvc:resources mapping="/javascript/**" location="/static_resources/javascript/"/>  -->
    
	<!-- 设置多种映射为 UTF-8 -->
	<!--
		<bean id="multipartResolver" class="org.springframework.web.multipart.commons.CommonsMultipartResolver" p:defaultEncoding="UTF-8" />
	-->
	<!-- 配置 json 转换的 -->
	<bean class="org.springframework.web.servlet.mvc.annotation.AnnotationMethodHandlerAdapter">
		<property name="messageConverters">
			<util:list id="beanList">
				<ref bean="mappingJacksonHttpMessageConverter" />
			</util:list>
		</property>
	</bean>
	<bean id="mappingJacksonHttpMessageConverter" class="org.springframework.http.converter.json.MappingJackson2HttpMessageConverter">
		<property name="supportedMediaTypes">
			<list>
				<value>text/json;charset=UTF-8</value>
			</list>
		</property>
	</bean>
	
	     <!-- 处理文件上传 -->
	<bean id="multipartResolver" class="org.springframework.web.multipart.commons.CommonsMultipartResolver">
		<property name="defaultEncoding" value="utf-8" /> <!-- 默认编码 (ISO-8859-1) -->
		<property name="maxInMemorySize" value="200000" /> <!-- 最大内存大小 (10240) -->
		<!-- 此处的uploadTempDir在glassfish下发布由异常，会报告“无法生成 /_UPLOAD_TEMP 的绝对路径”的消息  -->
		<!-- <property name="uploadTempDir" value="upload/temp" /> 上传后的目录名 (WebUtils#TEMP_DIR_CONTEXT_ATTRIBUTE) -->
		<property name="maxUploadSize" value="-1" /> <!-- 最大文件大小，-1为无限止(-1) -->
	</bean>
    
    <!-- 统一的异常处理 -->
    <bean id="exceptionResolver" class="com.isatk.core.exception.resolver.CustomSimpleMappingExceptionResolver">  
      <property name="lastErrorView" value="error/error"></property> <!-- 自定义的最后的异常视图 -->
      <property name="defaultErrorView" value="error/error"></property> <!-- 默认的异常视图 -->
      <property name="exceptionMappings">   
        <props>
          <prop key="java.lang.NullPointerException">error/error</prop>
          <prop key="java.lang.NumberFormatException">error/error</prop>  
          <prop key="com.isatk.core.exception.SysException">error/error</prop> 
          <prop key="java.lang.Exception">error/error</prop>   
          <prop key="org.springframework.web.multipart.MaxUploadSizeExceededException">error/error</prop> <!-- 文件上传异常处理 -->    
        </props>   
     </property>
     <!-- 设置对应和默认的 http status code值
     <property name="statusCodes">
     	<props>
     		<prop key="error/e500">405</prop>
     	</props>
     </property>   
     <property name="defaultStatusCode" value="700"/>
      -->	
    </bean>  
    <!-- 会话国际化必须配置 -->   
    <bean id="localeResolver" class="org.springframework.web.servlet.i18n.SessionLocaleResolver" /> 
    <!-- cookie方式国际化，与会话国际化不兼容
    <bean id="localeResolver" class="org.springframework.web.servlet.i18n.CookieLocaleResolver">  
        <property name="cookieName" value="clientlanguage"/>  
        <property name="cookieMaxAge" value="94608000"/>  
        <property name="defaultLocale" value="zh" />  
    </bean> 
    -->
   
</beans>

