<?xml version="1.0" encoding="UTF-8"?>
<!DOCTYPE mapper PUBLIC "-//mybatis.org//DTD Mapper 3.0//EN" "http://mybatis.org/dtd/mybatis-3-mapper.dtd">
<mapper namespace="com.isatk.model.dao.BasClienteleMapper">
  <resultMap id="BaseResultMap" type="com.isatk.model.dto.BasClientele">
    <!--
      WARNING - @mbggenerated
      This element is automatically generated by MyBatis Generator, do not modify.
      This element was generated on Mon Jun 01 16:58:06 CST 2015.
    -->
    <id column="id" jdbcType="BIGINT" property="id" />
    <result column="name" jdbcType="VARCHAR" property="name" />
    <result column="phone" jdbcType="VARCHAR" property="phone" />
    <result column="nick" jdbcType="VARCHAR" property="nick" />
    <result column="reg_time" jdbcType="TIMESTAMP" property="regTime" />
    <result column="is_disable" jdbcType="INTEGER" property="isDisable" />
    <result column="is_so" jdbcType="INTEGER" property="isSo" />
    <result column="is_fa" jdbcType="INTEGER" property="isFa" />
    <result column="bank_code" jdbcType="VARCHAR" property="bankCode" />
    <result column="bank_name" jdbcType="VARCHAR" property="bankName" />
    <result column="card_no" jdbcType="VARCHAR" property="cardNo" />
  </resultMap>
  <sql id="Example_Where_Clause">
    <!--
      WARNING - @mbggenerated
      This element is automatically generated by MyBatis Generator, do not modify.
      This element was generated on Mon Jun 01 16:58:06 CST 2015.
    -->
    <where>
      <foreach collection="oredCriteria" item="criteria" separator="or">
        <if test="criteria.valid">
          <trim prefix="(" prefixOverrides="and" suffix=")">
            <foreach collection="criteria.criteria" item="criterion">
              <choose>
                <when test="criterion.noValue">
                  and ${criterion.condition}
                </when>
                <when test="criterion.singleValue">
                  and ${criterion.condition} #{criterion.value}
                </when>
                <when test="criterion.betweenValue">
                  and ${criterion.condition} #{criterion.value} and #{criterion.secondValue}
                </when>
                <when test="criterion.listValue">
                  and ${criterion.condition}
                  <foreach close=")" collection="criterion.value" item="listItem" open="(" separator=",">
                    #{listItem}
                  </foreach>
                </when>
              </choose>
            </foreach>
          </trim>
        </if>
      </foreach>
    </where>
  </sql>
  <sql id="Update_By_Example_Where_Clause">
    <!--
      WARNING - @mbggenerated
      This element is automatically generated by MyBatis Generator, do not modify.
      This element was generated on Mon Jun 01 16:58:06 CST 2015.
    -->
    <where>
      <foreach collection="example.oredCriteria" item="criteria" separator="or">
        <if test="criteria.valid">
          <trim prefix="(" prefixOverrides="and" suffix=")">
            <foreach collection="criteria.criteria" item="criterion">
              <choose>
                <when test="criterion.noValue">
                  and ${criterion.condition}
                </when>
                <when test="criterion.singleValue">
                  and ${criterion.condition} #{criterion.value}
                </when>
                <when test="criterion.betweenValue">
                  and ${criterion.condition} #{criterion.value} and #{criterion.secondValue}
                </when>
                <when test="criterion.listValue">
                  and ${criterion.condition}
                  <foreach close=")" collection="criterion.value" item="listItem" open="(" separator=",">
                    #{listItem}
                  </foreach>
                </when>
              </choose>
            </foreach>
          </trim>
        </if>
      </foreach>
    </where>
  </sql>
  <sql id="Base_Column_List">
    <!--
      WARNING - @mbggenerated
      This element is automatically generated by MyBatis Generator, do not modify.
      This element was generated on Mon Jun 01 16:58:06 CST 2015.
    -->
    id, name, phone, nick, reg_time, is_disable, is_so, is_fa, bank_code, bank_name, 
    card_no
  </sql>
  <select id="selectByExample" parameterType="com.isatk.model.dto.BasClienteleExample" resultMap="BaseResultMap">
    <!--
      WARNING - @mbggenerated
      This element is automatically generated by MyBatis Generator, do not modify.
      This element was generated on Mon Jun 01 16:58:06 CST 2015.
    -->
    select
    <if test="distinct">
      distinct
    </if>
    <include refid="Base_Column_List" />
    from bas_clientele
    <if test="_parameter != null">
      <include refid="Example_Where_Clause" />
    </if>
    <if test="orderByClause != null">
      order by ${orderByClause}
    </if>
    <if test="page != null">
      limit #{page.length} offset #{page.begin}
    </if>
  </select>
  <select id="selectByPrimaryKey" parameterType="java.lang.Long" resultMap="BaseResultMap">
    <!--
      WARNING - @mbggenerated
      This element is automatically generated by MyBatis Generator, do not modify.
      This element was generated on Mon Jun 01 16:58:06 CST 2015.
    -->
    select 
    <include refid="Base_Column_List" />
    from bas_clientele
    where id = #{id,jdbcType=BIGINT}
  </select>
  <delete id="deleteByPrimaryKey" parameterType="java.lang.Long">
    <!--
      WARNING - @mbggenerated
      This element is automatically generated by MyBatis Generator, do not modify.
      This element was generated on Mon Jun 01 16:58:06 CST 2015.
    -->
    delete from bas_clientele
    where id = #{id,jdbcType=BIGINT}
  </delete>
  <delete id="deleteByExample" parameterType="com.isatk.model.dto.BasClienteleExample">
    <!--
      WARNING - @mbggenerated
      This element is automatically generated by MyBatis Generator, do not modify.
      This element was generated on Mon Jun 01 16:58:06 CST 2015.
    -->
    delete from bas_clientele
    <if test="_parameter != null">
      <include refid="Example_Where_Clause" />
    </if>
  </delete>
  <insert id="insert" parameterType="com.isatk.model.dto.BasClientele">
    <!--
      WARNING - @mbggenerated
      This element is automatically generated by MyBatis Generator, do not modify.
      This element was generated on Mon Jun 01 16:58:06 CST 2015.
    -->
    insert into bas_clientele (id, name, phone, 
      nick, reg_time, is_disable, 
      is_so, is_fa, bank_code, 
      bank_name, card_no)
    values (#{id,jdbcType=BIGINT}, #{name,jdbcType=VARCHAR}, #{phone,jdbcType=VARCHAR}, 
      #{nick,jdbcType=VARCHAR}, #{regTime,jdbcType=TIMESTAMP}, #{isDisable,jdbcType=INTEGER}, 
      #{isSo,jdbcType=INTEGER}, #{isFa,jdbcType=INTEGER}, #{bankCode,jdbcType=VARCHAR}, 
      #{bankName,jdbcType=VARCHAR}, #{cardNo,jdbcType=VARCHAR})
  </insert>
  <insert id="insertSelective" parameterType="com.isatk.model.dto.BasClientele">
    <!--
      WARNING - @mbggenerated
      This element is automatically generated by MyBatis Generator, do not modify.
      This element was generated on Mon Jun 01 16:58:06 CST 2015.
    -->
    insert into bas_clientele
    <trim prefix="(" suffix=")" suffixOverrides=",">
      <if test="id != null">
        id,
      </if>
      <if test="name != null">
        name,
      </if>
      <if test="phone != null">
        phone,
      </if>
      <if test="nick != null">
        nick,
      </if>
      <if test="regTime != null">
        reg_time,
      </if>
      <if test="isDisable != null">
        is_disable,
      </if>
      <if test="isSo != null">
        is_so,
      </if>
      <if test="isFa != null">
        is_fa,
      </if>
      <if test="bankCode != null">
        bank_code,
      </if>
      <if test="bankName != null">
        bank_name,
      </if>
      <if test="cardNo != null">
        card_no,
      </if>
    </trim>
    <trim prefix="values (" suffix=")" suffixOverrides=",">
      <if test="id != null">
        #{id,jdbcType=BIGINT},
      </if>
      <if test="name != null">
        #{name,jdbcType=VARCHAR},
      </if>
      <if test="phone != null">
        #{phone,jdbcType=VARCHAR},
      </if>
      <if test="nick != null">
        #{nick,jdbcType=VARCHAR},
      </if>
      <if test="regTime != null">
        #{regTime,jdbcType=TIMESTAMP},
      </if>
      <if test="isDisable != null">
        #{isDisable,jdbcType=INTEGER},
      </if>
      <if test="isSo != null">
        #{isSo,jdbcType=INTEGER},
      </if>
      <if test="isFa != null">
        #{isFa,jdbcType=INTEGER},
      </if>
      <if test="bankCode != null">
        #{bankCode,jdbcType=VARCHAR},
      </if>
      <if test="bankName != null">
        #{bankName,jdbcType=VARCHAR},
      </if>
      <if test="cardNo != null">
        #{cardNo,jdbcType=VARCHAR},
      </if>
    </trim>
  </insert>
  <select id="countByExample" parameterType="com.isatk.model.dto.BasClienteleExample" resultType="java.lang.Integer">
    <!--
      WARNING - @mbggenerated
      This element is automatically generated by MyBatis Generator, do not modify.
      This element was generated on Mon Jun 01 16:58:06 CST 2015.
    -->
    select count(*) from bas_clientele
    <if test="_parameter != null">
      <include refid="Example_Where_Clause" />
    </if>
  </select>
  <update id="updateByExampleSelective" parameterType="map">
    <!--
      WARNING - @mbggenerated
      This element is automatically generated by MyBatis Generator, do not modify.
      This element was generated on Mon Jun 01 16:58:06 CST 2015.
    -->
    update bas_clientele
    <set>
      <if test="record.id != null">
        id = #{record.id,jdbcType=BIGINT},
      </if>
      <if test="record.name != null">
        name = #{record.name,jdbcType=VARCHAR},
      </if>
      <if test="record.phone != null">
        phone = #{record.phone,jdbcType=VARCHAR},
      </if>
      <if test="record.nick != null">
        nick = #{record.nick,jdbcType=VARCHAR},
      </if>
      <if test="record.regTime != null">
        reg_time = #{record.regTime,jdbcType=TIMESTAMP},
      </if>
      <if test="record.isDisable != null">
        is_disable = #{record.isDisable,jdbcType=INTEGER},
      </if>
      <if test="record.isSo != null">
        is_so = #{record.isSo,jdbcType=INTEGER},
      </if>
      <if test="record.isFa != null">
        is_fa = #{record.isFa,jdbcType=INTEGER},
      </if>
      <if test="record.bankCode != null">
        bank_code = #{record.bankCode,jdbcType=VARCHAR},
      </if>
      <if test="record.bankName != null">
        bank_name = #{record.bankName,jdbcType=VARCHAR},
      </if>
      <if test="record.cardNo != null">
        card_no = #{record.cardNo,jdbcType=VARCHAR},
      </if>
    </set>
    <if test="_parameter != null">
      <include refid="Update_By_Example_Where_Clause" />
    </if>
  </update>
  <update id="updateByExample" parameterType="map">
    <!--
      WARNING - @mbggenerated
      This element is automatically generated by MyBatis Generator, do not modify.
      This element was generated on Mon Jun 01 16:58:06 CST 2015.
    -->
    update bas_clientele
    set id = #{record.id,jdbcType=BIGINT},
      name = #{record.name,jdbcType=VARCHAR},
      phone = #{record.phone,jdbcType=VARCHAR},
      nick = #{record.nick,jdbcType=VARCHAR},
      reg_time = #{record.regTime,jdbcType=TIMESTAMP},
      is_disable = #{record.isDisable,jdbcType=INTEGER},
      is_so = #{record.isSo,jdbcType=INTEGER},
      is_fa = #{record.isFa,jdbcType=INTEGER},
      bank_code = #{record.bankCode,jdbcType=VARCHAR},
      bank_name = #{record.bankName,jdbcType=VARCHAR},
      card_no = #{record.cardNo,jdbcType=VARCHAR}
    <if test="_parameter != null">
      <include refid="Update_By_Example_Where_Clause" />
    </if>
  </update>
  <update id="updateByPrimaryKeySelective" parameterType="com.isatk.model.dto.BasClientele">
    <!--
      WARNING - @mbggenerated
      This element is automatically generated by MyBatis Generator, do not modify.
      This element was generated on Mon Jun 01 16:58:06 CST 2015.
    -->
    update bas_clientele
    <set>
      <if test="name != null">
        name = #{name,jdbcType=VARCHAR},
      </if>
      <if test="phone != null">
        phone = #{phone,jdbcType=VARCHAR},
      </if>
      <if test="nick != null">
        nick = #{nick,jdbcType=VARCHAR},
      </if>
      <if test="regTime != null">
        reg_time = #{regTime,jdbcType=TIMESTAMP},
      </if>
      <if test="isDisable != null">
        is_disable = #{isDisable,jdbcType=INTEGER},
      </if>
      <if test="isSo != null">
        is_so = #{isSo,jdbcType=INTEGER},
      </if>
      <if test="isFa != null">
        is_fa = #{isFa,jdbcType=INTEGER},
      </if>
      <if test="bankCode != null">
        bank_code = #{bankCode,jdbcType=VARCHAR},
      </if>
      <if test="bankName != null">
        bank_name = #{bankName,jdbcType=VARCHAR},
      </if>
      <if test="cardNo != null">
        card_no = #{cardNo,jdbcType=VARCHAR},
      </if>
    </set>
    where id = #{id,jdbcType=BIGINT}
  </update>
  <update id="updateByPrimaryKey" parameterType="com.isatk.model.dto.BasClientele">
    <!--
      WARNING - @mbggenerated
      This element is automatically generated by MyBatis Generator, do not modify.
      This element was generated on Mon Jun 01 16:58:06 CST 2015.
    -->
    update bas_clientele
    set name = #{name,jdbcType=VARCHAR},
      phone = #{phone,jdbcType=VARCHAR},
      nick = #{nick,jdbcType=VARCHAR},
      reg_time = #{regTime,jdbcType=TIMESTAMP},
      is_disable = #{isDisable,jdbcType=INTEGER},
      is_so = #{isSo,jdbcType=INTEGER},
      is_fa = #{isFa,jdbcType=INTEGER},
      bank_code = #{bankCode,jdbcType=VARCHAR},
      bank_name = #{bankName,jdbcType=VARCHAR},
      card_no = #{cardNo,jdbcType=VARCHAR}
    where id = #{id,jdbcType=BIGINT}
  </update>
  <select id="selectListByCondiction" parameterType="com.isatk.model.dto.BasClientele" resultMap="BaseResultMap">
    select 
    <include refid="Base_Column_List" />
    from bas_clientele
    <where>
      <if test="name != null">
        and name = #{name,jdbcType=VARCHAR}
      </if>
      <if test="phone != null">
        and phone = #{phone,jdbcType=VARCHAR}
      </if>
      <if test="nick != null">
        and nick = #{nick,jdbcType=VARCHAR}
      </if>
      <if test="regTime != null">
        and reg_time = #{regTime,jdbcType=TIMESTAMP}
      </if>
      <if test="isDisable != null">
        and is_disable = #{isDisable,jdbcType=INTEGER}
      </if>
      <if test="isSo != null">
        and is_so = #{isSo,jdbcType=INTEGER}
      </if>
      <if test="isFa != null">
        and is_fa = #{isFa,jdbcType=INTEGER}
      </if>
      </where>
	    <if test="page != null">
	      limit #{page.length} offset #{page.begin}
	    </if>
  </select>
  
  <select id="countByCondiction" parameterType="com.isatk.model.dto.BasClientele" resultType="int">
    select 
   	count(*)
    from bas_clientele
    <where>
      <if test="name != null">
        and name = #{name,jdbcType=VARCHAR}
      </if>
      <if test="phone != null">
        and phone = #{phone,jdbcType=VARCHAR}
      </if>
      <if test="nick != null">
        and nick = #{nick,jdbcType=VARCHAR}
      </if>
      <if test="regTime != null">
        and reg_time = #{regTime,jdbcType=TIMESTAMP}
      </if>
      <if test="isDisable != null">
        and is_disable = #{isDisable,jdbcType=INTEGER}
      </if>
      <if test="isSo != null">
        and is_so = #{isSo,jdbcType=INTEGER}
      </if>
      <if test="isFa != null">
        and is_fa = #{isFa,jdbcType=INTEGER}
      </if>
     </where>
  </select>
</mapper>