<?xml version="1.0" encoding="UTF-8" ?>
<!DOCTYPE mapper PUBLIC "-//mybatis.org//DTD Mapper 3.0//EN" "http://mybatis.org/dtd/mybatis-3-mapper.dtd" >
<mapper namespace="com.isatk.model.dao.BasOrganizeMapper" >
  <resultMap id="BaseResultMap" type="com.isatk.model.dto.BasOrganize" >
    <!--
      WARNING - @mbggenerated
      This element is automatically generated by MyBatis Generator, do not modify.
      This element was generated on Fri Apr 10 16:36:02 CST 2015.
    -->
    <id column="org_id" property="orgId" jdbcType="BIGINT" />
    <result column="org_code" property="orgCode" jdbcType="VARCHAR" />
    <result column="org_name" property="orgName" jdbcType="VARCHAR" />
    <result column="org_address" property="orgAddress" jdbcType="VARCHAR" />
    <result column="manager_id" property="managerId" jdbcType="BIGINT" />
    <result column="introduction" property="introduction" jdbcType="VARCHAR" />
    <result column="url_logo" property="urlLogo" jdbcType="VARCHAR" />
    <result column="remark" property="remark" jdbcType="VARCHAR" />
    <result column="org_key" property="orgKey" jdbcType="VARCHAR" />
    <result column="is_online" property="isOnline" jdbcType="INTEGER" />
    <result column="is_outline" property="isOutline" jdbcType="INTEGER" />
    <result column="time_start" property="timeStart" jdbcType="TIMESTAMP" />
    <result column="time_end" property="timeEnd" jdbcType="TIMESTAMP" />
    <result column="status" property="status" jdbcType="INTEGER" />
    <result column="user_create" property="userCreate" jdbcType="BIGINT" />
    <result column="time_create" property="timeCreate" jdbcType="TIMESTAMP" />
    <result column="time_update" property="timeUpdate" jdbcType="TIMESTAMP" />
    <result column="guids" property="guids" jdbcType="VARCHAR" />
  </resultMap>
  <sql id="Example_Where_Clause" >
    <!--
      WARNING - @mbggenerated
      This element is automatically generated by MyBatis Generator, do not modify.
      This element was generated on Fri Apr 10 16:36:02 CST 2015.
    -->
    <where >
      <foreach collection="oredCriteria" item="criteria" separator="or" >
        <if test="criteria.valid" >
          <trim prefix="(" suffix=")" prefixOverrides="and" >
            <foreach collection="criteria.criteria" item="criterion" >
              <choose >
                <when test="criterion.noValue" >
                  and ${criterion.condition}
                </when>
                <when test="criterion.singleValue" >
                  and ${criterion.condition} #{criterion.value}
                </when>
                <when test="criterion.betweenValue" >
                  and ${criterion.condition} #{criterion.value} and #{criterion.secondValue}
                </when>
                <when test="criterion.listValue" >
                  and ${criterion.condition}
                  <foreach collection="criterion.value" item="listItem" open="(" close=")" separator="," >
                    #{listItem}
                  </foreach>
                </when>
              </choose>
            </foreach>
          </trim>
        </if>
      </foreach>
    </where>
  </sql>
  <sql id="Update_By_Example_Where_Clause" >
    <!--
      WARNING - @mbggenerated
      This element is automatically generated by MyBatis Generator, do not modify.
      This element was generated on Fri Apr 10 16:36:02 CST 2015.
    -->
    <where >
      <foreach collection="example.oredCriteria" item="criteria" separator="or" >
        <if test="criteria.valid" >
          <trim prefix="(" suffix=")" prefixOverrides="and" >
            <foreach collection="criteria.criteria" item="criterion" >
              <choose >
                <when test="criterion.noValue" >
                  and ${criterion.condition}
                </when>
                <when test="criterion.singleValue" >
                  and ${criterion.condition} #{criterion.value}
                </when>
                <when test="criterion.betweenValue" >
                  and ${criterion.condition} #{criterion.value} and #{criterion.secondValue}
                </when>
                <when test="criterion.listValue" >
                  and ${criterion.condition}
                  <foreach collection="criterion.value" item="listItem" open="(" close=")" separator="," >
                    #{listItem}
                  </foreach>
                </when>
              </choose>
            </foreach>
          </trim>
        </if>
      </foreach>
    </where>
  </sql>
  <sql id="Base_Column_List" >
    <!--
      WARNING - @mbggenerated
      This element is automatically generated by MyBatis Generator, do not modify.
      This element was generated on Fri Apr 10 16:36:02 CST 2015.
    -->
    org_id, org_code, org_name, org_address, manager_id, introduction, url_logo, remark, 
    org_key, is_online, is_outline, time_start, time_end, status, user_create, time_create, 
    time_update, guids
  </sql>
  <select id="selectByExample" resultMap="BaseResultMap" parameterType="com.isatk.model.dto.BasOrganizeExample" >
    <!--
      WARNING - @mbggenerated
      This element is automatically generated by MyBatis Generator, do not modify.
      This element was generated on Fri Apr 10 16:36:02 CST 2015.
    -->
    select
    <if test="distinct" >
      distinct
    </if>
    <include refid="Base_Column_List" />
    from bas_organize
    <if test="_parameter != null" >
      <include refid="Example_Where_Clause" />
    </if>
    <if test="orderByClause != null" >
      order by ${orderByClause}
    </if>
    <if test="page != null" >
      limit #{page.length} offset #{page.begin}
    </if>
  </select>
  <select id="selectByPrimaryKey" resultMap="BaseResultMap" parameterType="java.lang.Long" >
    <!--
      WARNING - @mbggenerated
      This element is automatically generated by MyBatis Generator, do not modify.
      This element was generated on Fri Apr 10 16:36:02 CST 2015.
    -->
    select 
    <include refid="Base_Column_List" />
    from bas_organize
    where org_id = #{orgId,jdbcType=BIGINT}
  </select>
  <delete id="deleteByPrimaryKey" parameterType="java.lang.Long" >
    <!--
      WARNING - @mbggenerated
      This element is automatically generated by MyBatis Generator, do not modify.
      This element was generated on Fri Apr 10 16:36:02 CST 2015.
    -->
    delete from bas_organize
    where org_id = #{orgId,jdbcType=BIGINT}
  </delete>
  <delete id="deleteByExample" parameterType="com.isatk.model.dto.BasOrganizeExample" >
    <!--
      WARNING - @mbggenerated
      This element is automatically generated by MyBatis Generator, do not modify.
      This element was generated on Fri Apr 10 16:36:02 CST 2015.
    -->
    delete from bas_organize
    <if test="_parameter != null" >
      <include refid="Example_Where_Clause" />
    </if>
  </delete>
  <insert id="insert" parameterType="com.isatk.model.dto.BasOrganize" >
    <!--
      WARNING - @mbggenerated
      This element is automatically generated by MyBatis Generator, do not modify.
      This element was generated on Fri Apr 10 16:36:02 CST 2015.
    -->
    insert into bas_organize (org_id, org_code, org_name, 
      org_address, manager_id, introduction, 
      url_logo, remark, org_key, 
      is_online, is_outline, time_start, 
      time_end, status, user_create, 
      time_create, time_update, guids
      )
    values (#{orgId,jdbcType=BIGINT}, #{orgCode,jdbcType=VARCHAR}, #{orgName,jdbcType=VARCHAR}, 
      #{orgAddress,jdbcType=VARCHAR}, #{managerId,jdbcType=BIGINT}, #{introduction,jdbcType=VARCHAR}, 
      #{urlLogo,jdbcType=VARCHAR}, #{remark,jdbcType=VARCHAR}, #{orgKey,jdbcType=VARCHAR}, 
      #{isOnline,jdbcType=INTEGER}, #{isOutline,jdbcType=INTEGER}, #{timeStart,jdbcType=TIMESTAMP}, 
      #{timeEnd,jdbcType=TIMESTAMP}, #{status,jdbcType=INTEGER}, #{userCreate,jdbcType=BIGINT}, 
      #{timeCreate,jdbcType=TIMESTAMP}, #{timeUpdate,jdbcType=TIMESTAMP}, #{guids,jdbcType=VARCHAR}
      )
  </insert>
  <insert id="insertSelective" parameterType="com.isatk.model.dto.BasOrganize" >
    <!--
      WARNING - @mbggenerated
      This element is automatically generated by MyBatis Generator, do not modify.
      This element was generated on Fri Apr 10 16:36:02 CST 2015.
    -->
    insert into bas_organize
    <trim prefix="(" suffix=")" suffixOverrides="," >
      <if test="orgId != null" >
        org_id,
      </if>
      <if test="orgCode != null" >
        org_code,
      </if>
      <if test="orgName != null" >
        org_name,
      </if>
      <if test="orgAddress != null" >
        org_address,
      </if>
      <if test="managerId != null" >
        manager_id,
      </if>
      <if test="introduction != null" >
        introduction,
      </if>
      <if test="urlLogo != null" >
        url_logo,
      </if>
      <if test="remark != null" >
        remark,
      </if>
      <if test="orgKey != null" >
        org_key,
      </if>
      <if test="isOnline != null" >
        is_online,
      </if>
      <if test="isOutline != null" >
        is_outline,
      </if>
      <if test="timeStart != null" >
        time_start,
      </if>
      <if test="timeEnd != null" >
        time_end,
      </if>
      <if test="status != null" >
        status,
      </if>
      <if test="userCreate != null" >
        user_create,
      </if>
      <if test="timeCreate != null" >
        time_create,
      </if>
      <if test="timeUpdate != null" >
        time_update,
      </if>
      <if test="guids != null" >
        guids,
      </if>
    </trim>
    <trim prefix="values (" suffix=")" suffixOverrides="," >
      <if test="orgId != null" >
        #{orgId,jdbcType=BIGINT},
      </if>
      <if test="orgCode != null" >
        #{orgCode,jdbcType=VARCHAR},
      </if>
      <if test="orgName != null" >
        #{orgName,jdbcType=VARCHAR},
      </if>
      <if test="orgAddress != null" >
        #{orgAddress,jdbcType=VARCHAR},
      </if>
      <if test="managerId != null" >
        #{managerId,jdbcType=BIGINT},
      </if>
      <if test="introduction != null" >
        #{introduction,jdbcType=VARCHAR},
      </if>
      <if test="urlLogo != null" >
        #{urlLogo,jdbcType=VARCHAR},
      </if>
      <if test="remark != null" >
        #{remark,jdbcType=VARCHAR},
      </if>
      <if test="orgKey != null" >
        #{orgKey,jdbcType=VARCHAR},
      </if>
      <if test="isOnline != null" >
        #{isOnline,jdbcType=INTEGER},
      </if>
      <if test="isOutline != null" >
        #{isOutline,jdbcType=INTEGER},
      </if>
      <if test="timeStart != null" >
        #{timeStart,jdbcType=TIMESTAMP},
      </if>
      <if test="timeEnd != null" >
        #{timeEnd,jdbcType=TIMESTAMP},
      </if>
      <if test="status != null" >
        #{status,jdbcType=INTEGER},
      </if>
      <if test="userCreate != null" >
        #{userCreate,jdbcType=BIGINT},
      </if>
      <if test="timeCreate != null" >
        #{timeCreate,jdbcType=TIMESTAMP},
      </if>
      <if test="timeUpdate != null" >
        #{timeUpdate,jdbcType=TIMESTAMP},
      </if>
      <if test="guids != null" >
        #{guids,jdbcType=VARCHAR},
      </if>
    </trim>
  </insert>
  <select id="countByExample" parameterType="com.isatk.model.dto.BasOrganizeExample" resultType="java.lang.Integer" >
    <!--
      WARNING - @mbggenerated
      This element is automatically generated by MyBatis Generator, do not modify.
      This element was generated on Fri Apr 10 16:36:02 CST 2015.
    -->
    select count(*) from bas_organize
    <if test="_parameter != null" >
      <include refid="Example_Where_Clause" />
    </if>
  </select>
  <update id="updateByExampleSelective" parameterType="map" >
    <!--
      WARNING - @mbggenerated
      This element is automatically generated by MyBatis Generator, do not modify.
      This element was generated on Fri Apr 10 16:36:02 CST 2015.
    -->
    update bas_organize
    <set >
      <if test="record.orgId != null" >
        org_id = #{record.orgId,jdbcType=BIGINT},
      </if>
      <if test="record.orgCode != null" >
        org_code = #{record.orgCode,jdbcType=VARCHAR},
      </if>
      <if test="record.orgName != null" >
        org_name = #{record.orgName,jdbcType=VARCHAR},
      </if>
      <if test="record.orgAddress != null" >
        org_address = #{record.orgAddress,jdbcType=VARCHAR},
      </if>
      <if test="record.managerId != null" >
        manager_id = #{record.managerId,jdbcType=BIGINT},
      </if>
      <if test="record.introduction != null" >
        introduction = #{record.introduction,jdbcType=VARCHAR},
      </if>
      <if test="record.urlLogo != null" >
        url_logo = #{record.urlLogo,jdbcType=VARCHAR},
      </if>
      <if test="record.remark != null" >
        remark = #{record.remark,jdbcType=VARCHAR},
      </if>
      <if test="record.orgKey != null" >
        org_key = #{record.orgKey,jdbcType=VARCHAR},
      </if>
      <if test="record.isOnline != null" >
        is_online = #{record.isOnline,jdbcType=INTEGER},
      </if>
      <if test="record.isOutline != null" >
        is_outline = #{record.isOutline,jdbcType=INTEGER},
      </if>
      <if test="record.timeStart != null" >
        time_start = #{record.timeStart,jdbcType=TIMESTAMP},
      </if>
      <if test="record.timeEnd != null" >
        time_end = #{record.timeEnd,jdbcType=TIMESTAMP},
      </if>
      <if test="record.status != null" >
        status = #{record.status,jdbcType=INTEGER},
      </if>
      <if test="record.userCreate != null" >
        user_create = #{record.userCreate,jdbcType=BIGINT},
      </if>
      <if test="record.timeCreate != null" >
        time_create = #{record.timeCreate,jdbcType=TIMESTAMP},
      </if>
      <if test="record.timeUpdate != null" >
        time_update = #{record.timeUpdate,jdbcType=TIMESTAMP},
      </if>
      <if test="record.guids != null" >
        guids = #{record.guids,jdbcType=VARCHAR},
      </if>
    </set>
    <if test="_parameter != null" >
      <include refid="Update_By_Example_Where_Clause" />
    </if>
  </update>
  <update id="updateByExample" parameterType="map" >
    <!--
      WARNING - @mbggenerated
      This element is automatically generated by MyBatis Generator, do not modify.
      This element was generated on Fri Apr 10 16:36:02 CST 2015.
    -->
    update bas_organize
    set org_id = #{record.orgId,jdbcType=BIGINT},
      org_code = #{record.orgCode,jdbcType=VARCHAR},
      org_name = #{record.orgName,jdbcType=VARCHAR},
      org_address = #{record.orgAddress,jdbcType=VARCHAR},
      manager_id = #{record.managerId,jdbcType=BIGINT},
      introduction = #{record.introduction,jdbcType=VARCHAR},
      url_logo = #{record.urlLogo,jdbcType=VARCHAR},
      remark = #{record.remark,jdbcType=VARCHAR},
      org_key = #{record.orgKey,jdbcType=VARCHAR},
      is_online = #{record.isOnline,jdbcType=INTEGER},
      is_outline = #{record.isOutline,jdbcType=INTEGER},
      time_start = #{record.timeStart,jdbcType=TIMESTAMP},
      time_end = #{record.timeEnd,jdbcType=TIMESTAMP},
      status = #{record.status,jdbcType=INTEGER},
      user_create = #{record.userCreate,jdbcType=BIGINT},
      time_create = #{record.timeCreate,jdbcType=TIMESTAMP},
      time_update = #{record.timeUpdate,jdbcType=TIMESTAMP},
      guids = #{record.guids,jdbcType=VARCHAR}
    <if test="_parameter != null" >
      <include refid="Update_By_Example_Where_Clause" />
    </if>
  </update>
  <update id="updateByPrimaryKeySelective" parameterType="com.isatk.model.dto.BasOrganize" >
    <!--
      WARNING - @mbggenerated
      This element is automatically generated by MyBatis Generator, do not modify.
      This element was generated on Fri Apr 10 16:36:02 CST 2015.
    -->
    update bas_organize
    <set >
      <if test="orgCode != null" >
        org_code = #{orgCode,jdbcType=VARCHAR},
      </if>
      <if test="orgName != null" >
        org_name = #{orgName,jdbcType=VARCHAR},
      </if>
      <if test="orgAddress != null" >
        org_address = #{orgAddress,jdbcType=VARCHAR},
      </if>
      <if test="managerId != null" >
        manager_id = #{managerId,jdbcType=BIGINT},
      </if>
      <if test="introduction != null" >
        introduction = #{introduction,jdbcType=VARCHAR},
      </if>
      <if test="urlLogo != null" >
        url_logo = #{urlLogo,jdbcType=VARCHAR},
      </if>
      <if test="remark != null" >
        remark = #{remark,jdbcType=VARCHAR},
      </if>
      <if test="orgKey != null" >
        org_key = #{orgKey,jdbcType=VARCHAR},
      </if>
      <if test="isOnline != null" >
        is_online = #{isOnline,jdbcType=INTEGER},
      </if>
      <if test="isOutline != null" >
        is_outline = #{isOutline,jdbcType=INTEGER},
      </if>
      <if test="timeStart != null" >
        time_start = #{timeStart,jdbcType=TIMESTAMP},
      </if>
      <if test="timeEnd != null" >
        time_end = #{timeEnd,jdbcType=TIMESTAMP},
      </if>
      <if test="status != null" >
        status = #{status,jdbcType=INTEGER},
      </if>
      <if test="userCreate != null" >
        user_create = #{userCreate,jdbcType=BIGINT},
      </if>
      <if test="timeCreate != null" >
        time_create = #{timeCreate,jdbcType=TIMESTAMP},
      </if>
      <if test="timeUpdate != null" >
        time_update = #{timeUpdate,jdbcType=TIMESTAMP},
      </if>
      <if test="guids != null" >
        guids = #{guids,jdbcType=VARCHAR},
      </if>
    </set>
    where org_id = #{orgId,jdbcType=BIGINT}
  </update>
  <update id="updateByPrimaryKey" parameterType="com.isatk.model.dto.BasOrganize" >
    <!--
      WARNING - @mbggenerated
      This element is automatically generated by MyBatis Generator, do not modify.
      This element was generated on Fri Apr 10 16:36:02 CST 2015.
    -->
    update bas_organize
    set org_code = #{orgCode,jdbcType=VARCHAR},
      org_name = #{orgName,jdbcType=VARCHAR},
      org_address = #{orgAddress,jdbcType=VARCHAR},
      manager_id = #{managerId,jdbcType=BIGINT},
      introduction = #{introduction,jdbcType=VARCHAR},
      url_logo = #{urlLogo,jdbcType=VARCHAR},
      remark = #{remark,jdbcType=VARCHAR},
      org_key = #{orgKey,jdbcType=VARCHAR},
      is_online = #{isOnline,jdbcType=INTEGER},
      is_outline = #{isOutline,jdbcType=INTEGER},
      time_start = #{timeStart,jdbcType=TIMESTAMP},
      time_end = #{timeEnd,jdbcType=TIMESTAMP},
      status = #{status,jdbcType=INTEGER},
      user_create = #{userCreate,jdbcType=BIGINT},
      time_create = #{timeCreate,jdbcType=TIMESTAMP},
      time_update = #{timeUpdate,jdbcType=TIMESTAMP},
      guids = #{guids,jdbcType=VARCHAR}
    where org_id = #{orgId,jdbcType=BIGINT}
  </update>
</mapper>