<?xml version="1.0" encoding="UTF-8"?>
<!DOCTYPE mapper PUBLIC "-//mybatis.org//DTD Mapper 3.0//EN" "http://mybatis.org/dtd/mybatis-3-mapper.dtd">
<mapper namespace="com.isatk.model.dao.CarFeeMapper">
  <resultMap id="BaseResultMap" type="com.isatk.model.dto.CarFee">
    <!--
      WARNING - @mbggenerated
      This element is automatically generated by MyBatis Generator, do not modify.
      This element was generated on Sat May 23 10:51:13 CST 2015.
    -->
    <id column="id" jdbcType="BIGINT" property="id" />
    <result column="gas" jdbcType="INTEGER" property="gas" />
    <result column="tolls" jdbcType="INTEGER" property="tolls" />
    <result column="water" jdbcType="INTEGER" property="water" />
    <result column="engine_oil" jdbcType="INTEGER" property="engineOil" />
    <result column="service" jdbcType="INTEGER" property="service" />
    <result column="butter" jdbcType="INTEGER" property="butter" />
    <result column="other" jdbcType="INTEGER" property="other" />
    <result column="remark" jdbcType="VARCHAR" property="remark" />
    <result column="car_id" jdbcType="BIGINT" property="carId" />
    <result column="ins_date" jdbcType="TIMESTAMP" property="insDate" />
  </resultMap>
  <sql id="Example_Where_Clause">
    <!--
      WARNING - @mbggenerated
      This element is automatically generated by MyBatis Generator, do not modify.
      This element was generated on Sat May 23 10:51:13 CST 2015.
    -->
    <where>
      <foreach collection="oredCriteria" item="criteria" separator="or">
        <if test="criteria.valid">
          <trim prefix="(" prefixOverrides="and" suffix=")">
            <foreach collection="criteria.criteria" item="criterion">
              <choose>
                <when test="criterion.noValue">
                  and ${criterion.condition}
                </when>
                <when test="criterion.singleValue">
                  and ${criterion.condition} #{criterion.value}
                </when>
                <when test="criterion.betweenValue">
                  and ${criterion.condition} #{criterion.value} and #{criterion.secondValue}
                </when>
                <when test="criterion.listValue">
                  and ${criterion.condition}
                  <foreach close=")" collection="criterion.value" item="listItem" open="(" separator=",">
                    #{listItem}
                  </foreach>
                </when>
              </choose>
            </foreach>
          </trim>
        </if>
      </foreach>
    </where>
  </sql>
  <sql id="Update_By_Example_Where_Clause">
    <!--
      WARNING - @mbggenerated
      This element is automatically generated by MyBatis Generator, do not modify.
      This element was generated on Sat May 23 10:51:13 CST 2015.
    -->
    <where>
      <foreach collection="example.oredCriteria" item="criteria" separator="or">
        <if test="criteria.valid">
          <trim prefix="(" prefixOverrides="and" suffix=")">
            <foreach collection="criteria.criteria" item="criterion">
              <choose>
                <when test="criterion.noValue">
                  and ${criterion.condition}
                </when>
                <when test="criterion.singleValue">
                  and ${criterion.condition} #{criterion.value}
                </when>
                <when test="criterion.betweenValue">
                  and ${criterion.condition} #{criterion.value} and #{criterion.secondValue}
                </when>
                <when test="criterion.listValue">
                  and ${criterion.condition}
                  <foreach close=")" collection="criterion.value" item="listItem" open="(" separator=",">
                    #{listItem}
                  </foreach>
                </when>
              </choose>
            </foreach>
          </trim>
        </if>
      </foreach>
    </where>
  </sql>
  <sql id="Base_Column_List">
    <!--
      WARNING - @mbggenerated
      This element is automatically generated by MyBatis Generator, do not modify.
      This element was generated on Sat May 23 10:51:13 CST 2015.
    -->
    id, gas, tolls, water, engine_oil, service, butter, other, remark, car_id, ins_date
  </sql>
  <select id="selectByExample" parameterType="com.isatk.model.dto.CarFeeExample" resultMap="BaseResultMap">
    <!--
      WARNING - @mbggenerated
      This element is automatically generated by MyBatis Generator, do not modify.
      This element was generated on Sat May 23 10:51:13 CST 2015.
    -->
    select
    <if test="distinct">
      distinct
    </if>
    <include refid="Base_Column_List" />
    from car_fee
    <if test="_parameter != null">
      <include refid="Example_Where_Clause" />
    </if>
    <if test="orderByClause != null">
      order by ${orderByClause}
    </if>
    <if test="page != null">
      limit #{page.length} offset #{page.begin}
    </if>
  </select>
  <select id="selectByPrimaryKey" parameterType="java.lang.Long" resultMap="BaseResultMap">
    <!--
      WARNING - @mbggenerated
      This element is automatically generated by MyBatis Generator, do not modify.
      This element was generated on Sat May 23 10:51:13 CST 2015.
    -->
    select 
    <include refid="Base_Column_List" />
    from car_fee
    where id = #{id,jdbcType=BIGINT}
  </select>
  <delete id="deleteByPrimaryKey" parameterType="java.lang.Long">
    <!--
      WARNING - @mbggenerated
      This element is automatically generated by MyBatis Generator, do not modify.
      This element was generated on Sat May 23 10:51:13 CST 2015.
    -->
    delete from car_fee
    where id = #{id,jdbcType=BIGINT}
  </delete>
  <delete id="deleteByExample" parameterType="com.isatk.model.dto.CarFeeExample">
    <!--
      WARNING - @mbggenerated
      This element is automatically generated by MyBatis Generator, do not modify.
      This element was generated on Sat May 23 10:51:13 CST 2015.
    -->
    delete from car_fee
    <if test="_parameter != null">
      <include refid="Example_Where_Clause" />
    </if>
  </delete>
  <insert id="insert" parameterType="com.isatk.model.dto.CarFee">
    <!--
      WARNING - @mbggenerated
      This element is automatically generated by MyBatis Generator, do not modify.
      This element was generated on Sat May 23 10:51:13 CST 2015.
    -->
    insert into car_fee (id, gas, tolls, 
      water, engine_oil, service, 
      butter, other, remark, 
      car_id, ins_date)
    values (#{id,jdbcType=BIGINT}, #{gas,jdbcType=INTEGER}, #{tolls,jdbcType=INTEGER}, 
      #{water,jdbcType=INTEGER}, #{engineOil,jdbcType=INTEGER}, #{service,jdbcType=INTEGER}, 
      #{butter,jdbcType=INTEGER}, #{other,jdbcType=INTEGER}, #{remark,jdbcType=VARCHAR}, 
      #{carId,jdbcType=BIGINT}, #{insDate,jdbcType=TIMESTAMP})
  </insert>
  <insert id="insertSelective" parameterType="com.isatk.model.dto.CarFee">
    <!--
      WARNING - @mbggenerated
      This element is automatically generated by MyBatis Generator, do not modify.
      This element was generated on Sat May 23 10:51:13 CST 2015.
    -->
    insert into car_fee
    <trim prefix="(" suffix=")" suffixOverrides=",">
      <if test="id != null">
        id,
      </if>
      <if test="gas != null">
        gas,
      </if>
      <if test="tolls != null">
        tolls,
      </if>
      <if test="water != null">
        water,
      </if>
      <if test="engineOil != null">
        engine_oil,
      </if>
      <if test="service != null">
        service,
      </if>
      <if test="butter != null">
        butter,
      </if>
      <if test="other != null">
        other,
      </if>
      <if test="remark != null">
        remark,
      </if>
      <if test="carId != null">
        car_id,
      </if>
      <if test="insDate != null">
        ins_date,
      </if>
    </trim>
    <trim prefix="values (" suffix=")" suffixOverrides=",">
      <if test="id != null">
        #{id,jdbcType=BIGINT},
      </if>
      <if test="gas != null">
        #{gas,jdbcType=INTEGER},
      </if>
      <if test="tolls != null">
        #{tolls,jdbcType=INTEGER},
      </if>
      <if test="water != null">
        #{water,jdbcType=INTEGER},
      </if>
      <if test="engineOil != null">
        #{engineOil,jdbcType=INTEGER},
      </if>
      <if test="service != null">
        #{service,jdbcType=INTEGER},
      </if>
      <if test="butter != null">
        #{butter,jdbcType=INTEGER},
      </if>
      <if test="other != null">
        #{other,jdbcType=INTEGER},
      </if>
      <if test="remark != null">
        #{remark,jdbcType=VARCHAR},
      </if>
      <if test="carId != null">
        #{carId,jdbcType=BIGINT},
      </if>
      <if test="insDate != null">
        #{insDate,jdbcType=TIMESTAMP},
      </if>
    </trim>
  </insert>
  <select id="countByExample" parameterType="com.isatk.model.dto.CarFeeExample" resultType="java.lang.Integer">
    <!--
      WARNING - @mbggenerated
      This element is automatically generated by MyBatis Generator, do not modify.
      This element was generated on Sat May 23 10:51:13 CST 2015.
    -->
    select count(*) from car_fee
    <if test="_parameter != null">
      <include refid="Example_Where_Clause" />
    </if>
  </select>
  <update id="updateByExampleSelective" parameterType="map">
    <!--
      WARNING - @mbggenerated
      This element is automatically generated by MyBatis Generator, do not modify.
      This element was generated on Sat May 23 10:51:13 CST 2015.
    -->
    update car_fee
    <set>
      <if test="record.id != null">
        id = #{record.id,jdbcType=BIGINT},
      </if>
      <if test="record.gas != null">
        gas = #{record.gas,jdbcType=INTEGER},
      </if>
      <if test="record.tolls != null">
        tolls = #{record.tolls,jdbcType=INTEGER},
      </if>
      <if test="record.water != null">
        water = #{record.water,jdbcType=INTEGER},
      </if>
      <if test="record.engineOil != null">
        engine_oil = #{record.engineOil,jdbcType=INTEGER},
      </if>
      <if test="record.service != null">
        service = #{record.service,jdbcType=INTEGER},
      </if>
      <if test="record.butter != null">
        butter = #{record.butter,jdbcType=INTEGER},
      </if>
      <if test="record.other != null">
        other = #{record.other,jdbcType=INTEGER},
      </if>
      <if test="record.remark != null">
        remark = #{record.remark,jdbcType=VARCHAR},
      </if>
      <if test="record.carId != null">
        car_id = #{record.carId,jdbcType=BIGINT},
      </if>
      <if test="record.insDate != null">
        ins_date = #{record.insDate,jdbcType=TIMESTAMP},
      </if>
    </set>
    <if test="_parameter != null">
      <include refid="Update_By_Example_Where_Clause" />
    </if>
  </update>
  <update id="updateByExample" parameterType="map">
    <!--
      WARNING - @mbggenerated
      This element is automatically generated by MyBatis Generator, do not modify.
      This element was generated on Sat May 23 10:51:13 CST 2015.
    -->
    update car_fee
    set id = #{record.id,jdbcType=BIGINT},
      gas = #{record.gas,jdbcType=INTEGER},
      tolls = #{record.tolls,jdbcType=INTEGER},
      water = #{record.water,jdbcType=INTEGER},
      engine_oil = #{record.engineOil,jdbcType=INTEGER},
      service = #{record.service,jdbcType=INTEGER},
      butter = #{record.butter,jdbcType=INTEGER},
      other = #{record.other,jdbcType=INTEGER},
      remark = #{record.remark,jdbcType=VARCHAR},
      car_id = #{record.carId,jdbcType=BIGINT},
      ins_date = #{record.insDate,jdbcType=TIMESTAMP}
    <if test="_parameter != null">
      <include refid="Update_By_Example_Where_Clause" />
    </if>
  </update>
  <update id="updateByPrimaryKeySelective" parameterType="com.isatk.model.dto.CarFee">
    <!--
      WARNING - @mbggenerated
      This element is automatically generated by MyBatis Generator, do not modify.
      This element was generated on Sat May 23 10:51:13 CST 2015.
    -->
    update car_fee
    <set>
      <if test="gas != null">
        gas = #{gas,jdbcType=INTEGER},
      </if>
      <if test="tolls != null">
        tolls = #{tolls,jdbcType=INTEGER},
      </if>
      <if test="water != null">
        water = #{water,jdbcType=INTEGER},
      </if>
      <if test="engineOil != null">
        engine_oil = #{engineOil,jdbcType=INTEGER},
      </if>
      <if test="service != null">
        service = #{service,jdbcType=INTEGER},
      </if>
      <if test="butter != null">
        butter = #{butter,jdbcType=INTEGER},
      </if>
      <if test="other != null">
        other = #{other,jdbcType=INTEGER},
      </if>
      <if test="remark != null">
        remark = #{remark,jdbcType=VARCHAR},
      </if>
      <if test="carId != null">
        car_id = #{carId,jdbcType=BIGINT},
      </if>
      <if test="insDate != null">
        ins_date = #{insDate,jdbcType=TIMESTAMP},
      </if>
    </set>
    where id = #{id,jdbcType=BIGINT}
  </update>
  <update id="updateByPrimaryKey" parameterType="com.isatk.model.dto.CarFee">
    <!--
      WARNING - @mbggenerated
      This element is automatically generated by MyBatis Generator, do not modify.
      This element was generated on Sat May 23 10:51:13 CST 2015.
    -->
    update car_fee
    set gas = #{gas,jdbcType=INTEGER},
      tolls = #{tolls,jdbcType=INTEGER},
      water = #{water,jdbcType=INTEGER},
      engine_oil = #{engineOil,jdbcType=INTEGER},
      service = #{service,jdbcType=INTEGER},
      butter = #{butter,jdbcType=INTEGER},
      other = #{other,jdbcType=INTEGER},
      remark = #{remark,jdbcType=VARCHAR},
      car_id = #{carId,jdbcType=BIGINT},
      ins_date = #{insDate,jdbcType=TIMESTAMP}
    where id = #{id,jdbcType=BIGINT}
  </update>
</mapper>