<?xml version="1.0" encoding="UTF-8"?>
<!DOCTYPE mapper PUBLIC "-//mybatis.org//DTD Mapper 3.0//EN" "http://mybatis.org/dtd/mybatis-3-mapper.dtd">
<mapper namespace="com.isatk.model.dao.CargoDetailsMapper">
  <resultMap id="BaseResultMap" type="com.isatk.model.dto.CargoDetails">
    <!--
      WARNING - @mbggenerated
      This element is automatically generated by MyBatis Generator, do not modify.
      This element was generated on Sun May 10 19:46:09 CST 2015.
    -->
    <id column="id" jdbcType="BIGINT" property="id" />
    <result column="name" jdbcType="VARCHAR" property="name" />
    <result column="insurance" jdbcType="INTEGER" property="insurance" />
    <result column="num" jdbcType="VARCHAR" property="num" />
    <result column="fa_id" jdbcType="BIGINT" property="faId" />
  </resultMap>
  <sql id="Example_Where_Clause">
    <!--
      WARNING - @mbggenerated
      This element is automatically generated by MyBatis Generator, do not modify.
      This element was generated on Sun May 10 19:46:09 CST 2015.
    -->
    <where>
      <foreach collection="oredCriteria" item="criteria" separator="or">
        <if test="criteria.valid">
          <trim prefix="(" prefixOverrides="and" suffix=")">
            <foreach collection="criteria.criteria" item="criterion">
              <choose>
                <when test="criterion.noValue">
                  and ${criterion.condition}
                </when>
                <when test="criterion.singleValue">
                  and ${criterion.condition} #{criterion.value}
                </when>
                <when test="criterion.betweenValue">
                  and ${criterion.condition} #{criterion.value} and #{criterion.secondValue}
                </when>
                <when test="criterion.listValue">
                  and ${criterion.condition}
                  <foreach close=")" collection="criterion.value" item="listItem" open="(" separator=",">
                    #{listItem}
                  </foreach>
                </when>
              </choose>
            </foreach>
          </trim>
        </if>
      </foreach>
    </where>
  </sql>
  <sql id="Update_By_Example_Where_Clause">
    <!--
      WARNING - @mbggenerated
      This element is automatically generated by MyBatis Generator, do not modify.
      This element was generated on Sun May 10 19:46:09 CST 2015.
    -->
    <where>
      <foreach collection="example.oredCriteria" item="criteria" separator="or">
        <if test="criteria.valid">
          <trim prefix="(" prefixOverrides="and" suffix=")">
            <foreach collection="criteria.criteria" item="criterion">
              <choose>
                <when test="criterion.noValue">
                  and ${criterion.condition}
                </when>
                <when test="criterion.singleValue">
                  and ${criterion.condition} #{criterion.value}
                </when>
                <when test="criterion.betweenValue">
                  and ${criterion.condition} #{criterion.value} and #{criterion.secondValue}
                </when>
                <when test="criterion.listValue">
                  and ${criterion.condition}
                  <foreach close=")" collection="criterion.value" item="listItem" open="(" separator=",">
                    #{listItem}
                  </foreach>
                </when>
              </choose>
            </foreach>
          </trim>
        </if>
      </foreach>
    </where>
  </sql>
  <sql id="Base_Column_List">
    <!--
      WARNING - @mbggenerated
      This element is automatically generated by MyBatis Generator, do not modify.
      This element was generated on Sun May 10 19:46:09 CST 2015.
    -->
    id, name, insurance, num, fa_id
  </sql>
  <select id="selectByExample" parameterType="com.isatk.model.dto.CargoDetailsExample" resultMap="BaseResultMap">
    <!--
      WARNING - @mbggenerated
      This element is automatically generated by MyBatis Generator, do not modify.
      This element was generated on Sun May 10 19:46:09 CST 2015.
    -->
    select
    <if test="distinct">
      distinct
    </if>
    <include refid="Base_Column_List" />
    from cargo_details
    <if test="_parameter != null">
      <include refid="Example_Where_Clause" />
    </if>
    <if test="orderByClause != null">
      order by ${orderByClause}
    </if>
    <if test="page != null">
      limit #{page.length} offset #{page.begin}
    </if>
  </select>
  <select id="selectByPrimaryKey" parameterType="java.lang.Long" resultMap="BaseResultMap">
    <!--
      WARNING - @mbggenerated
      This element is automatically generated by MyBatis Generator, do not modify.
      This element was generated on Sun May 10 19:46:09 CST 2015.
    -->
    select 
    <include refid="Base_Column_List" />
    from cargo_details
    where id = #{id,jdbcType=BIGINT}
  </select>
  <delete id="deleteByPrimaryKey" parameterType="java.lang.Long">
    <!--
      WARNING - @mbggenerated
      This element is automatically generated by MyBatis Generator, do not modify.
      This element was generated on Sun May 10 19:46:09 CST 2015.
    -->
    delete from cargo_details
    where id = #{id,jdbcType=BIGINT}
  </delete>
  <delete id="deleteByExample" parameterType="com.isatk.model.dto.CargoDetailsExample">
    <!--
      WARNING - @mbggenerated
      This element is automatically generated by MyBatis Generator, do not modify.
      This element was generated on Sun May 10 19:46:09 CST 2015.
    -->
    delete from cargo_details
    <if test="_parameter != null">
      <include refid="Example_Where_Clause" />
    </if>
  </delete>
  <insert id="insert" parameterType="com.isatk.model.dto.CargoDetails">
    <!--
      WARNING - @mbggenerated
      This element is automatically generated by MyBatis Generator, do not modify.
      This element was generated on Sun May 10 19:46:09 CST 2015.
    -->
    insert into cargo_details (id, name, insurance, 
      num, fa_id)
    values (#{id,jdbcType=BIGINT}, #{name,jdbcType=VARCHAR}, #{insurance,jdbcType=INTEGER}, 
      #{num,jdbcType=VARCHAR}, #{faId,jdbcType=BIGINT})
  </insert>
  <insert id="insertSelective" parameterType="com.isatk.model.dto.CargoDetails">
    <!--
      WARNING - @mbggenerated
      This element is automatically generated by MyBatis Generator, do not modify.
      This element was generated on Sun May 10 19:46:09 CST 2015.
    -->
    insert into cargo_details
    <trim prefix="(" suffix=")" suffixOverrides=",">
      <if test="id != null">
        id,
      </if>
      <if test="name != null">
        name,
      </if>
      <if test="insurance != null">
        insurance,
      </if>
      <if test="num != null">
        num,
      </if>
      <if test="faId != null">
        fa_id,
      </if>
    </trim>
    <trim prefix="values (" suffix=")" suffixOverrides=",">
      <if test="id != null">
        #{id,jdbcType=BIGINT},
      </if>
      <if test="name != null">
        #{name,jdbcType=VARCHAR},
      </if>
      <if test="insurance != null">
        #{insurance,jdbcType=INTEGER},
      </if>
      <if test="num != null">
        #{num,jdbcType=VARCHAR},
      </if>
      <if test="faId != null">
        #{faId,jdbcType=BIGINT},
      </if>
    </trim>
  </insert>
  <select id="countByExample" parameterType="com.isatk.model.dto.CargoDetailsExample" resultType="java.lang.Integer">
    <!--
      WARNING - @mbggenerated
      This element is automatically generated by MyBatis Generator, do not modify.
      This element was generated on Sun May 10 19:46:09 CST 2015.
    -->
    select count(*) from cargo_details
    <if test="_parameter != null">
      <include refid="Example_Where_Clause" />
    </if>
  </select>
  <update id="updateByExampleSelective" parameterType="map">
    <!--
      WARNING - @mbggenerated
      This element is automatically generated by MyBatis Generator, do not modify.
      This element was generated on Sun May 10 19:46:09 CST 2015.
    -->
    update cargo_details
    <set>
      <if test="record.id != null">
        id = #{record.id,jdbcType=BIGINT},
      </if>
      <if test="record.name != null">
        name = #{record.name,jdbcType=VARCHAR},
      </if>
      <if test="record.insurance != null">
        insurance = #{record.insurance,jdbcType=INTEGER},
      </if>
      <if test="record.num != null">
        num = #{record.num,jdbcType=VARCHAR},
      </if>
      <if test="record.faId != null">
        fa_id = #{record.faId,jdbcType=BIGINT},
      </if>
    </set>
    <if test="_parameter != null">
      <include refid="Update_By_Example_Where_Clause" />
    </if>
  </update>
  <update id="updateByExample" parameterType="map">
    <!--
      WARNING - @mbggenerated
      This element is automatically generated by MyBatis Generator, do not modify.
      This element was generated on Sun May 10 19:46:09 CST 2015.
    -->
    update cargo_details
    set id = #{record.id,jdbcType=BIGINT},
      name = #{record.name,jdbcType=VARCHAR},
      insurance = #{record.insurance,jdbcType=INTEGER},
      num = #{record.num,jdbcType=VARCHAR},
      fa_id = #{record.faId,jdbcType=BIGINT}
    <if test="_parameter != null">
      <include refid="Update_By_Example_Where_Clause" />
    </if>
  </update>
  <update id="updateByPrimaryKeySelective" parameterType="com.isatk.model.dto.CargoDetails">
    <!--
      WARNING - @mbggenerated
      This element is automatically generated by MyBatis Generator, do not modify.
      This element was generated on Sun May 10 19:46:09 CST 2015.
    -->
    update cargo_details
    <set>
      <if test="name != null">
        name = #{name,jdbcType=VARCHAR},
      </if>
      <if test="insurance != null">
        insurance = #{insurance,jdbcType=INTEGER},
      </if>
      <if test="num != null">
        num = #{num,jdbcType=VARCHAR},
      </if>
      <if test="faId != null">
        fa_id = #{faId,jdbcType=BIGINT},
      </if>
    </set>
    where id = #{id,jdbcType=BIGINT}
  </update>
  <update id="updateByPrimaryKey" parameterType="com.isatk.model.dto.CargoDetails">
    <!--
      WARNING - @mbggenerated
      This element is automatically generated by MyBatis Generator, do not modify.
      This element was generated on Sun May 10 19:46:09 CST 2015.
    -->
    update cargo_details
    set name = #{name,jdbcType=VARCHAR},
      insurance = #{insurance,jdbcType=INTEGER},
      num = #{num,jdbcType=VARCHAR},
      fa_id = #{faId,jdbcType=BIGINT}
    where id = #{id,jdbcType=BIGINT}
  </update>
</mapper>