<?xml version="1.0" encoding="UTF-8" ?>
<!DOCTYPE mapper PUBLIC "-//mybatis.org//DTD Mapper 3.0//EN" "http://mybatis.org/dtd/mybatis-3-mapper.dtd" >
<mapper namespace="com.isatk.model.dao.CarMapper" >
  <resultMap id="BaseResultMap" type="com.isatk.model.dto.Car" >
    <!--
      WARNING - @mbggenerated
      This element is automatically generated by MyBatis Generator, do not modify.
      This element was generated on Sat May 23 10:17:07 CST 2015.
    -->
    <id column="Id" property="id" jdbcType="BIGINT" />
    <result column="code" property="code" jdbcType="VARCHAR" />
    <result column="ins_date" property="insDate" jdbcType="TIMESTAMP" />
    <result column="up_date" property="upDate" jdbcType="TIMESTAMP" />
  </resultMap>
  <sql id="Example_Where_Clause" >
    <!--
      WARNING - @mbggenerated
      This element is automatically generated by MyBatis Generator, do not modify.
      This element was generated on Sat May 23 10:17:07 CST 2015.
    -->
    <where >
      <foreach collection="oredCriteria" item="criteria" separator="or" >
        <if test="criteria.valid" >
          <trim prefix="(" suffix=")" prefixOverrides="and" >
            <foreach collection="criteria.criteria" item="criterion" >
              <choose >
                <when test="criterion.noValue" >
                  and ${criterion.condition}
                </when>
                <when test="criterion.singleValue" >
                  and ${criterion.condition} #{criterion.value}
                </when>
                <when test="criterion.betweenValue" >
                  and ${criterion.condition} #{criterion.value} and #{criterion.secondValue}
                </when>
                <when test="criterion.listValue" >
                  and ${criterion.condition}
                  <foreach collection="criterion.value" item="listItem" open="(" close=")" separator="," >
                    #{listItem}
                  </foreach>
                </when>
              </choose>
            </foreach>
          </trim>
        </if>
      </foreach>
    </where>
  </sql>
  <sql id="Update_By_Example_Where_Clause" >
    <!--
      WARNING - @mbggenerated
      This element is automatically generated by MyBatis Generator, do not modify.
      This element was generated on Sat May 23 10:17:07 CST 2015.
    -->
    <where >
      <foreach collection="example.oredCriteria" item="criteria" separator="or" >
        <if test="criteria.valid" >
          <trim prefix="(" suffix=")" prefixOverrides="and" >
            <foreach collection="criteria.criteria" item="criterion" >
              <choose >
                <when test="criterion.noValue" >
                  and ${criterion.condition}
                </when>
                <when test="criterion.singleValue" >
                  and ${criterion.condition} #{criterion.value}
                </when>
                <when test="criterion.betweenValue" >
                  and ${criterion.condition} #{criterion.value} and #{criterion.secondValue}
                </when>
                <when test="criterion.listValue" >
                  and ${criterion.condition}
                  <foreach collection="criterion.value" item="listItem" open="(" close=")" separator="," >
                    #{listItem}
                  </foreach>
                </when>
              </choose>
            </foreach>
          </trim>
        </if>
      </foreach>
    </where>
  </sql>
  <sql id="Base_Column_List" >
    <!--
      WARNING - @mbggenerated
      This element is automatically generated by MyBatis Generator, do not modify.
      This element was generated on Sat May 23 10:17:07 CST 2015.
    -->
    Id, code, ins_date, up_date
  </sql>
  <select id="selectByExample" resultMap="BaseResultMap" parameterType="com.isatk.model.dto.CarExample" >
    <!--
      WARNING - @mbggenerated
      This element is automatically generated by MyBatis Generator, do not modify.
      This element was generated on Sat May 23 10:17:07 CST 2015.
    -->
    select
    <if test="distinct" >
      distinct
    </if>
    <include refid="Base_Column_List" />
    from car
    <if test="_parameter != null" >
      <include refid="Example_Where_Clause" />
    </if>
    <if test="orderByClause != null" >
      order by ${orderByClause}
    </if>
    <if test="page != null" >
      limit #{page.length} offset #{page.begin}
    </if>
  </select>
  <select id="selectByPrimaryKey" resultMap="BaseResultMap" parameterType="java.lang.Long" >
    <!--
      WARNING - @mbggenerated
      This element is automatically generated by MyBatis Generator, do not modify.
      This element was generated on Sat May 23 10:17:07 CST 2015.
    -->
    select 
    <include refid="Base_Column_List" />
    from car
    where Id = #{id,jdbcType=BIGINT}
  </select>
  <delete id="deleteByPrimaryKey" parameterType="java.lang.Long" >
    <!--
      WARNING - @mbggenerated
      This element is automatically generated by MyBatis Generator, do not modify.
      This element was generated on Sat May 23 10:17:07 CST 2015.
    -->
    delete from car
    where Id = #{id,jdbcType=BIGINT}
  </delete>
  <delete id="deleteByExample" parameterType="com.isatk.model.dto.CarExample" >
    <!--
      WARNING - @mbggenerated
      This element is automatically generated by MyBatis Generator, do not modify.
      This element was generated on Sat May 23 10:17:07 CST 2015.
    -->
    delete from car
    <if test="_parameter != null" >
      <include refid="Example_Where_Clause" />
    </if>
  </delete>
  <insert id="insert" parameterType="com.isatk.model.dto.Car" >
    <!--
      WARNING - @mbggenerated
      This element is automatically generated by MyBatis Generator, do not modify.
      This element was generated on Sat May 23 10:17:07 CST 2015.
    -->
    insert into car (Id, code, ins_date, 
      up_date)
    values (#{id,jdbcType=BIGINT}, #{code,jdbcType=VARCHAR}, #{insDate,jdbcType=TIMESTAMP}, 
      #{upDate,jdbcType=TIMESTAMP})
  </insert>
  <insert id="insertSelective" parameterType="com.isatk.model.dto.Car" >
    <!--
      WARNING - @mbggenerated
      This element is automatically generated by MyBatis Generator, do not modify.
      This element was generated on Sat May 23 10:17:07 CST 2015.
    -->
    insert into car
    <trim prefix="(" suffix=")" suffixOverrides="," >
      <if test="id != null" >
        Id,
      </if>
      <if test="code != null" >
        code,
      </if>
      <if test="insDate != null" >
        ins_date,
      </if>
      <if test="upDate != null" >
        up_date,
      </if>
    </trim>
    <trim prefix="values (" suffix=")" suffixOverrides="," >
      <if test="id != null" >
        #{id,jdbcType=BIGINT},
      </if>
      <if test="code != null" >
        #{code,jdbcType=VARCHAR},
      </if>
      <if test="insDate != null" >
        #{insDate,jdbcType=TIMESTAMP},
      </if>
      <if test="upDate != null" >
        #{upDate,jdbcType=TIMESTAMP},
      </if>
    </trim>
  </insert>
  <select id="countByExample" parameterType="com.isatk.model.dto.CarExample" resultType="java.lang.Integer" >
    <!--
      WARNING - @mbggenerated
      This element is automatically generated by MyBatis Generator, do not modify.
      This element was generated on Sat May 23 10:17:07 CST 2015.
    -->
    select count(*) from car
    <if test="_parameter != null" >
      <include refid="Example_Where_Clause" />
    </if>
  </select>
  <update id="updateByExampleSelective" parameterType="map" >
    <!--
      WARNING - @mbggenerated
      This element is automatically generated by MyBatis Generator, do not modify.
      This element was generated on Sat May 23 10:17:07 CST 2015.
    -->
    update car
    <set >
      <if test="record.id != null" >
        Id = #{record.id,jdbcType=BIGINT},
      </if>
      <if test="record.code != null" >
        code = #{record.code,jdbcType=VARCHAR},
      </if>
      <if test="record.insDate != null" >
        ins_date = #{record.insDate,jdbcType=TIMESTAMP},
      </if>
      <if test="record.upDate != null" >
        up_date = #{record.upDate,jdbcType=TIMESTAMP},
      </if>
    </set>
    <if test="_parameter != null" >
      <include refid="Update_By_Example_Where_Clause" />
    </if>
  </update>
  <update id="updateByExample" parameterType="map" >
    <!--
      WARNING - @mbggenerated
      This element is automatically generated by MyBatis Generator, do not modify.
      This element was generated on Sat May 23 10:17:07 CST 2015.
    -->
    update car
    set Id = #{record.id,jdbcType=BIGINT},
      code = #{record.code,jdbcType=VARCHAR},
      ins_date = #{record.insDate,jdbcType=TIMESTAMP},
      up_date = #{record.upDate,jdbcType=TIMESTAMP}
    <if test="_parameter != null" >
      <include refid="Update_By_Example_Where_Clause" />
    </if>
  </update>
  <update id="updateByPrimaryKeySelective" parameterType="com.isatk.model.dto.Car" >
    <!--
      WARNING - @mbggenerated
      This element is automatically generated by MyBatis Generator, do not modify.
      This element was generated on Sat May 23 10:17:07 CST 2015.
    -->
    update car
    <set >
      <if test="code != null" >
        code = #{code,jdbcType=VARCHAR},
      </if>
      <if test="insDate != null" >
        ins_date = #{insDate,jdbcType=TIMESTAMP},
      </if>
      <if test="upDate != null" >
        up_date = #{upDate,jdbcType=TIMESTAMP},
      </if>
    </set>
    where Id = #{id,jdbcType=BIGINT}
  </update>
  <update id="updateByPrimaryKey" parameterType="com.isatk.model.dto.Car" >
    <!--
      WARNING - @mbggenerated
      This element is automatically generated by MyBatis Generator, do not modify.
      This element was generated on Sat May 23 10:17:07 CST 2015.
    -->
    update car
    set code = #{code,jdbcType=VARCHAR},
      ins_date = #{insDate,jdbcType=TIMESTAMP},
      up_date = #{upDate,jdbcType=TIMESTAMP}
    where Id = #{id,jdbcType=BIGINT}
  </update>
  
   <resultMap id="CarResultMap" type="com.isatk.model.dto.Car" extends="BaseResultMap">
	    <association javaType="com.isatk.model.dto.CarFee" property="sumCarFee">
		    <result column="gas" jdbcType="INTEGER" property="gas" />
		    <result column="tolls" jdbcType="INTEGER" property="tolls" />
		    <result column="water" jdbcType="INTEGER" property="water" />
		    <result column="engine_oil" jdbcType="INTEGER" property="engineOil" />
		    <result column="service" jdbcType="INTEGER" property="service" />
		    <result column="butter" jdbcType="INTEGER" property="butter" />
		    <result column="other" jdbcType="INTEGER" property="other" />
		    <result column="remark" jdbcType="VARCHAR" property="remark" />
		    <result column="car_id" jdbcType="BIGINT" property="carId" />
		    <result column="cf_ins_date" jdbcType="TIMESTAMP" property="insDate" />
	    </association>
	</resultMap>
  
  <select id="selectDetail" parameterType="com.isatk.model.dto.Car" resultMap="CarResultMap">
  	SELECT
		c.id,
		c.code,
		c.ins_date,
		c.up_date,
		sum(cf.gas) gas,
		sum(cf.tolls) tolls,
		sum(cf.water) water,
		sum(cf.engine_oil) engine_oil,
		sum(cf.service) service,
		sum(cf.butter) butter,
		sum(cf.other) other,
		MAX(cf.ins_date) cf_ins_date
	FROM
		car c
	LEFT JOIN car_fee cf ON c.id = cf.car_id
	<where> 
		<if test="code != null">
	       c.`code` like '%#{faNo,jdbcType=VARCHAR}%' 
	     </if>
	</where>
	GROUP BY
		c.id
  	<if test="orderString != null">
      order by ${orderString}
    </if>
  	<if test="page != null">
      limit #{page.length} offset #{page.begin}
    </if>
  </select>
  <select id="countDetail" parameterType="com.isatk.model.dto.Car" resultType="int">
    select 
   	count(*)
    from car
    <where>
      <if test="code != null">
	       c.`code` like '%#{faNo,jdbcType=VARCHAR}%' 
	     </if>
      </where>
  </select>
  
  
  
</mapper>