<?xml version="1.0" encoding="UTF-8"?>
<!DOCTYPE mapper PUBLIC "-//mybatis.org//DTD Mapper 3.0//EN" "http://mybatis.org/dtd/mybatis-3-mapper.dtd">
<mapper namespace="com.isatk.model.dao.FaInvoiceMapper">
  <resultMap id="BaseResultMap" type="com.isatk.model.dto.FaInvoice">
    <!--
      WARNING - @mbggenerated
      This element is automatically generated by MyBatis Generator, do not modify.
      This element was generated on Sun Sep 06 22:04:08 CST 2015.
    -->
    <id column="id" jdbcType="BIGINT" property="id" />
    <result column="fa_no" jdbcType="VARCHAR" property="faNo" />
    <result column="fa_time" jdbcType="TIMESTAMP" property="faTime" />
    <result column="fa_phone" jdbcType="VARCHAR" property="faPhone" />
    <result column="fa_point" jdbcType="BIGINT" property="faPoint" />
    <result column="fa_clientele" jdbcType="BIGINT" property="faClientele" />
    <result column="so_phone" jdbcType="VARCHAR" property="soPhone" />
    <result column="so_clientele" jdbcType="BIGINT" property="soClientele" />
    <result column="so_point" jdbcType="BIGINT" property="soPoint" />
    <result column="freight" jdbcType="INTEGER" property="freight" />
    <result column="collection" jdbcType="INTEGER" property="collection" />
    <result column="ins_time" jdbcType="TIMESTAMP" property="insTime" />
    <result column="up_time" jdbcType="TIMESTAMP" property="upTime" />
    <result column="status" jdbcType="INTEGER" property="status" />
    <result column="count_insurance" jdbcType="INTEGER" property="countInsurance" />
    <result column="fee" jdbcType="INTEGER" property="fee" />
    <result column="freight_way" jdbcType="INTEGER" property="freightWay" />
    <result column="collection_way" jdbcType="INTEGER" property="collectionWay" />
    <result column="bank_code" jdbcType="VARCHAR" property="bankCode" />
    <result column="card_no" jdbcType="VARCHAR" property="cardNo" />
    <result column="so_way" jdbcType="INTEGER" property="soWay" />
    <result column="fa_name" jdbcType="VARCHAR" property="faName" />
    <result column="so_name" jdbcType="VARCHAR" property="soName" />
    <result column="so_point_sub_name" jdbcType="VARCHAR" property="soPointSubName" />
    <result column="so_point_sub_money" jdbcType="INTEGER" property="soPointSubMoney" />
    <result column="so_time" jdbcType="TIMESTAMP" property="soTime" />
    <result column="collection_time" jdbcType="TIMESTAMP" property="collectionTime" />
    <result column="cargo_num" jdbcType="INTEGER" property="cargoNum" />
  </resultMap>
  <sql id="Example_Where_Clause">
    <!--
      WARNING - @mbggenerated
      This element is automatically generated by MyBatis Generator, do not modify.
      This element was generated on Sun Sep 06 22:04:08 CST 2015.
    -->
    <where>
      <foreach collection="oredCriteria" item="criteria" separator="or">
        <if test="criteria.valid">
          <trim prefix="(" prefixOverrides="and" suffix=")">
            <foreach collection="criteria.criteria" item="criterion">
              <choose>
                <when test="criterion.noValue">
                  and ${criterion.condition}
                </when>
                <when test="criterion.singleValue">
                  and ${criterion.condition} #{criterion.value}
                </when>
                <when test="criterion.betweenValue">
                  and ${criterion.condition} #{criterion.value} and #{criterion.secondValue}
                </when>
                <when test="criterion.listValue">
                  and ${criterion.condition}
                  <foreach close=")" collection="criterion.value" item="listItem" open="(" separator=",">
                    #{listItem}
                  </foreach>
                </when>
              </choose>
            </foreach>
          </trim>
        </if>
      </foreach>
    </where>
  </sql>
  <sql id="Update_By_Example_Where_Clause">
    <!--
      WARNING - @mbggenerated
      This element is automatically generated by MyBatis Generator, do not modify.
      This element was generated on Sun Sep 06 22:04:08 CST 2015.
    -->
    <where>
      <foreach collection="example.oredCriteria" item="criteria" separator="or">
        <if test="criteria.valid">
          <trim prefix="(" prefixOverrides="and" suffix=")">
            <foreach collection="criteria.criteria" item="criterion">
              <choose>
                <when test="criterion.noValue">
                  and ${criterion.condition}
                </when>
                <when test="criterion.singleValue">
                  and ${criterion.condition} #{criterion.value}
                </when>
                <when test="criterion.betweenValue">
                  and ${criterion.condition} #{criterion.value} and #{criterion.secondValue}
                </when>
                <when test="criterion.listValue">
                  and ${criterion.condition}
                  <foreach close=")" collection="criterion.value" item="listItem" open="(" separator=",">
                    #{listItem}
                  </foreach>
                </when>
              </choose>
            </foreach>
          </trim>
        </if>
      </foreach>
    </where>
  </sql>
  <sql id="Base_Column_List">
    <!--
      WARNING - @mbggenerated
      This element is automatically generated by MyBatis Generator, do not modify.
      This element was generated on Sun Sep 06 22:04:08 CST 2015.
    -->
    id, fa_no, fa_time, fa_phone, fa_point, fa_clientele, so_phone, so_clientele, so_point, 
    freight, collection, ins_time, up_time, status, count_insurance, fee, freight_way, 
    collection_way, bank_code, card_no, so_way, fa_name, so_name, so_point_sub_name, 
    so_point_sub_money, so_time, collection_time, cargo_num
  </sql>
  <select id="selectByExample" parameterType="com.isatk.model.dto.FaInvoiceExample" resultMap="BaseResultMap">
    <!--
      WARNING - @mbggenerated
      This element is automatically generated by MyBatis Generator, do not modify.
      This element was generated on Sun Sep 06 22:04:08 CST 2015.
    -->
    select
    <if test="distinct">
      distinct
    </if>
    <include refid="Base_Column_List" />
    from fa_invoice
    <if test="_parameter != null">
      <include refid="Example_Where_Clause" />
    </if>
    <if test="orderByClause != null">
      order by ${orderByClause}
    </if>
    <if test="page != null">
      limit #{page.length} offset #{page.begin}
    </if>
  </select>
  <select id="selectByPrimaryKey" parameterType="java.lang.Long" resultMap="BaseResultMap">
    <!--
      WARNING - @mbggenerated
      This element is automatically generated by MyBatis Generator, do not modify.
      This element was generated on Sun Sep 06 22:04:08 CST 2015.
    -->
    select 
    <include refid="Base_Column_List" />
    from fa_invoice
    where id = #{id,jdbcType=BIGINT}
  </select>
  <delete id="deleteByPrimaryKey" parameterType="java.lang.Long">
    <!--
      WARNING - @mbggenerated
      This element is automatically generated by MyBatis Generator, do not modify.
      This element was generated on Sun Sep 06 22:04:08 CST 2015.
    -->
    delete from fa_invoice
    where id = #{id,jdbcType=BIGINT}
  </delete>
  <delete id="deleteByExample" parameterType="com.isatk.model.dto.FaInvoiceExample">
    <!--
      WARNING - @mbggenerated
      This element is automatically generated by MyBatis Generator, do not modify.
      This element was generated on Sun Sep 06 22:04:08 CST 2015.
    -->
    delete from fa_invoice
    <if test="_parameter != null">
      <include refid="Example_Where_Clause" />
    </if>
  </delete>
  <insert id="insert" parameterType="com.isatk.model.dto.FaInvoice">
    <!--
      WARNING - @mbggenerated
      This element is automatically generated by MyBatis Generator, do not modify.
      This element was generated on Sun Sep 06 22:04:08 CST 2015.
    -->
    insert into fa_invoice (id, fa_no, fa_time, 
      fa_phone, fa_point, fa_clientele, 
      so_phone, so_clientele, so_point, 
      freight, collection, ins_time, 
      up_time, status, count_insurance, 
      fee, freight_way, collection_way, 
      bank_code, card_no, so_way, 
      fa_name, so_name, so_point_sub_name, 
      so_point_sub_money, so_time, collection_time, 
      cargo_num)
    values (#{id,jdbcType=BIGINT}, #{faNo,jdbcType=VARCHAR}, #{faTime,jdbcType=TIMESTAMP}, 
      #{faPhone,jdbcType=VARCHAR}, #{faPoint,jdbcType=BIGINT}, #{faClientele,jdbcType=BIGINT}, 
      #{soPhone,jdbcType=VARCHAR}, #{soClientele,jdbcType=BIGINT}, #{soPoint,jdbcType=BIGINT}, 
      #{freight,jdbcType=INTEGER}, #{collection,jdbcType=INTEGER}, #{insTime,jdbcType=TIMESTAMP}, 
      #{upTime,jdbcType=TIMESTAMP}, #{status,jdbcType=INTEGER}, #{countInsurance,jdbcType=INTEGER}, 
      #{fee,jdbcType=INTEGER}, #{freightWay,jdbcType=INTEGER}, #{collectionWay,jdbcType=INTEGER}, 
      #{bankCode,jdbcType=VARCHAR}, #{cardNo,jdbcType=VARCHAR}, #{soWay,jdbcType=INTEGER}, 
      #{faName,jdbcType=VARCHAR}, #{soName,jdbcType=VARCHAR}, #{soPointSubName,jdbcType=VARCHAR}, 
      #{soPointSubMoney,jdbcType=INTEGER}, #{soTime,jdbcType=TIMESTAMP}, #{collectionTime,jdbcType=TIMESTAMP}, 
      #{cargoNum,jdbcType=INTEGER})
  </insert>
  <insert id="insertSelective" parameterType="com.isatk.model.dto.FaInvoice">
    <!--
      WARNING - @mbggenerated
      This element is automatically generated by MyBatis Generator, do not modify.
      This element was generated on Sun Sep 06 22:04:08 CST 2015.
    -->
    insert into fa_invoice
    <trim prefix="(" suffix=")" suffixOverrides=",">
      <if test="id != null">
        id,
      </if>
      <if test="faNo != null">
        fa_no,
      </if>
      <if test="faTime != null">
        fa_time,
      </if>
      <if test="faPhone != null">
        fa_phone,
      </if>
      <if test="faPoint != null">
        fa_point,
      </if>
      <if test="faClientele != null">
        fa_clientele,
      </if>
      <if test="soPhone != null">
        so_phone,
      </if>
      <if test="soClientele != null">
        so_clientele,
      </if>
      <if test="soPoint != null">
        so_point,
      </if>
      <if test="freight != null">
        freight,
      </if>
      <if test="collection != null">
        collection,
      </if>
      <if test="insTime != null">
        ins_time,
      </if>
      <if test="upTime != null">
        up_time,
      </if>
      <if test="status != null">
        status,
      </if>
      <if test="countInsurance != null">
        count_insurance,
      </if>
      <if test="fee != null">
        fee,
      </if>
      <if test="freightWay != null">
        freight_way,
      </if>
      <if test="collectionWay != null">
        collection_way,
      </if>
      <if test="bankCode != null">
        bank_code,
      </if>
      <if test="cardNo != null">
        card_no,
      </if>
      <if test="soWay != null">
        so_way,
      </if>
      <if test="faName != null">
        fa_name,
      </if>
      <if test="soName != null">
        so_name,
      </if>
      <if test="soPointSubName != null">
        so_point_sub_name,
      </if>
      <if test="soPointSubMoney != null">
        so_point_sub_money,
      </if>
      <if test="soTime != null">
        so_time,
      </if>
      <if test="collectionTime != null">
        collection_time,
      </if>
      <if test="cargoNum != null">
        cargo_num,
      </if>
    </trim>
    <trim prefix="values (" suffix=")" suffixOverrides=",">
      <if test="id != null">
        #{id,jdbcType=BIGINT},
      </if>
      <if test="faNo != null">
        #{faNo,jdbcType=VARCHAR},
      </if>
      <if test="faTime != null">
        #{faTime,jdbcType=TIMESTAMP},
      </if>
      <if test="faPhone != null">
        #{faPhone,jdbcType=VARCHAR},
      </if>
      <if test="faPoint != null">
        #{faPoint,jdbcType=BIGINT},
      </if>
      <if test="faClientele != null">
        #{faClientele,jdbcType=BIGINT},
      </if>
      <if test="soPhone != null">
        #{soPhone,jdbcType=VARCHAR},
      </if>
      <if test="soClientele != null">
        #{soClientele,jdbcType=BIGINT},
      </if>
      <if test="soPoint != null">
        #{soPoint,jdbcType=BIGINT},
      </if>
      <if test="freight != null">
        #{freight,jdbcType=INTEGER},
      </if>
      <if test="collection != null">
        #{collection,jdbcType=INTEGER},
      </if>
      <if test="insTime != null">
        #{insTime,jdbcType=TIMESTAMP},
      </if>
      <if test="upTime != null">
        #{upTime,jdbcType=TIMESTAMP},
      </if>
      <if test="status != null">
        #{status,jdbcType=INTEGER},
      </if>
      <if test="countInsurance != null">
        #{countInsurance,jdbcType=INTEGER},
      </if>
      <if test="fee != null">
        #{fee,jdbcType=INTEGER},
      </if>
      <if test="freightWay != null">
        #{freightWay,jdbcType=INTEGER},
      </if>
      <if test="collectionWay != null">
        #{collectionWay,jdbcType=INTEGER},
      </if>
      <if test="bankCode != null">
        #{bankCode,jdbcType=VARCHAR},
      </if>
      <if test="cardNo != null">
        #{cardNo,jdbcType=VARCHAR},
      </if>
      <if test="soWay != null">
        #{soWay,jdbcType=INTEGER},
      </if>
      <if test="faName != null">
        #{faName,jdbcType=VARCHAR},
      </if>
      <if test="soName != null">
        #{soName,jdbcType=VARCHAR},
      </if>
      <if test="soPointSubName != null">
        #{soPointSubName,jdbcType=VARCHAR},
      </if>
      <if test="soPointSubMoney != null">
        #{soPointSubMoney,jdbcType=INTEGER},
      </if>
      <if test="soTime != null">
        #{soTime,jdbcType=TIMESTAMP},
      </if>
      <if test="collectionTime != null">
        #{collectionTime,jdbcType=TIMESTAMP},
      </if>
      <if test="cargoNum != null">
        #{cargoNum,jdbcType=INTEGER},
      </if>
    </trim>
  </insert>
  <select id="countByExample" parameterType="com.isatk.model.dto.FaInvoiceExample" resultType="java.lang.Integer">
    <!--
      WARNING - @mbggenerated
      This element is automatically generated by MyBatis Generator, do not modify.
      This element was generated on Sun Sep 06 22:04:08 CST 2015.
    -->
    select count(*) from fa_invoice
    <if test="_parameter != null">
      <include refid="Example_Where_Clause" />
    </if>
  </select>
  <update id="updateByExampleSelective" parameterType="map">
    <!--
      WARNING - @mbggenerated
      This element is automatically generated by MyBatis Generator, do not modify.
      This element was generated on Sun Sep 06 22:04:08 CST 2015.
    -->
    update fa_invoice
    <set>
      <if test="record.id != null">
        id = #{record.id,jdbcType=BIGINT},
      </if>
      <if test="record.faNo != null">
        fa_no = #{record.faNo,jdbcType=VARCHAR},
      </if>
      <if test="record.faTime != null">
        fa_time = #{record.faTime,jdbcType=TIMESTAMP},
      </if>
      <if test="record.faPhone != null">
        fa_phone = #{record.faPhone,jdbcType=VARCHAR},
      </if>
      <if test="record.faPoint != null">
        fa_point = #{record.faPoint,jdbcType=BIGINT},
      </if>
      <if test="record.faClientele != null">
        fa_clientele = #{record.faClientele,jdbcType=BIGINT},
      </if>
      <if test="record.soPhone != null">
        so_phone = #{record.soPhone,jdbcType=VARCHAR},
      </if>
      <if test="record.soClientele != null">
        so_clientele = #{record.soClientele,jdbcType=BIGINT},
      </if>
      <if test="record.soPoint != null">
        so_point = #{record.soPoint,jdbcType=BIGINT},
      </if>
      <if test="record.freight != null">
        freight = #{record.freight,jdbcType=INTEGER},
      </if>
      <if test="record.collection != null">
        collection = #{record.collection,jdbcType=INTEGER},
      </if>
      <if test="record.insTime != null">
        ins_time = #{record.insTime,jdbcType=TIMESTAMP},
      </if>
      <if test="record.upTime != null">
        up_time = #{record.upTime,jdbcType=TIMESTAMP},
      </if>
      <if test="record.status != null">
        status = #{record.status,jdbcType=INTEGER},
      </if>
      <if test="record.countInsurance != null">
        count_insurance = #{record.countInsurance,jdbcType=INTEGER},
      </if>
      <if test="record.fee != null">
        fee = #{record.fee,jdbcType=INTEGER},
      </if>
      <if test="record.freightWay != null">
        freight_way = #{record.freightWay,jdbcType=INTEGER},
      </if>
      <if test="record.collectionWay != null">
        collection_way = #{record.collectionWay,jdbcType=INTEGER},
      </if>
      <if test="record.bankCode != null">
        bank_code = #{record.bankCode,jdbcType=VARCHAR},
      </if>
      <if test="record.cardNo != null">
        card_no = #{record.cardNo,jdbcType=VARCHAR},
      </if>
      <if test="record.soWay != null">
        so_way = #{record.soWay,jdbcType=INTEGER},
      </if>
      <if test="record.faName != null">
        fa_name = #{record.faName,jdbcType=VARCHAR},
      </if>
      <if test="record.soName != null">
        so_name = #{record.soName,jdbcType=VARCHAR},
      </if>
      <if test="record.soPointSubName != null">
        so_point_sub_name = #{record.soPointSubName,jdbcType=VARCHAR},
      </if>
      <if test="record.soPointSubMoney != null">
        so_point_sub_money = #{record.soPointSubMoney,jdbcType=INTEGER},
      </if>
      <if test="record.soTime != null">
        so_time = #{record.soTime,jdbcType=TIMESTAMP},
      </if>
      <if test="record.collectionTime != null">
        collection_time = #{record.collectionTime,jdbcType=TIMESTAMP},
      </if>
      <if test="record.cargoNum != null">
        cargo_num = #{record.cargoNum,jdbcType=INTEGER},
      </if>
    </set>
    <if test="_parameter != null">
      <include refid="Update_By_Example_Where_Clause" />
    </if>
  </update>
  <update id="updateByExample" parameterType="map">
    <!--
      WARNING - @mbggenerated
      This element is automatically generated by MyBatis Generator, do not modify.
      This element was generated on Sun Sep 06 22:04:08 CST 2015.
    -->
    update fa_invoice
    set id = #{record.id,jdbcType=BIGINT},
      fa_no = #{record.faNo,jdbcType=VARCHAR},
      fa_time = #{record.faTime,jdbcType=TIMESTAMP},
      fa_phone = #{record.faPhone,jdbcType=VARCHAR},
      fa_point = #{record.faPoint,jdbcType=BIGINT},
      fa_clientele = #{record.faClientele,jdbcType=BIGINT},
      so_phone = #{record.soPhone,jdbcType=VARCHAR},
      so_clientele = #{record.soClientele,jdbcType=BIGINT},
      so_point = #{record.soPoint,jdbcType=BIGINT},
      freight = #{record.freight,jdbcType=INTEGER},
      collection = #{record.collection,jdbcType=INTEGER},
      ins_time = #{record.insTime,jdbcType=TIMESTAMP},
      up_time = #{record.upTime,jdbcType=TIMESTAMP},
      status = #{record.status,jdbcType=INTEGER},
      count_insurance = #{record.countInsurance,jdbcType=INTEGER},
      fee = #{record.fee,jdbcType=INTEGER},
      freight_way = #{record.freightWay,jdbcType=INTEGER},
      collection_way = #{record.collectionWay,jdbcType=INTEGER},
      bank_code = #{record.bankCode,jdbcType=VARCHAR},
      card_no = #{record.cardNo,jdbcType=VARCHAR},
      so_way = #{record.soWay,jdbcType=INTEGER},
      fa_name = #{record.faName,jdbcType=VARCHAR},
      so_name = #{record.soName,jdbcType=VARCHAR},
      so_point_sub_name = #{record.soPointSubName,jdbcType=VARCHAR},
      so_point_sub_money = #{record.soPointSubMoney,jdbcType=INTEGER},
      so_time = #{record.soTime,jdbcType=TIMESTAMP},
      collection_time = #{record.collectionTime,jdbcType=TIMESTAMP},
      cargo_num = #{record.cargoNum,jdbcType=INTEGER}
    <if test="_parameter != null">
      <include refid="Update_By_Example_Where_Clause" />
    </if>
  </update>
  <update id="updateByPrimaryKeySelective" parameterType="com.isatk.model.dto.FaInvoice">
    <!--
      WARNING - @mbggenerated
      This element is automatically generated by MyBatis Generator, do not modify.
      This element was generated on Sun Sep 06 22:04:08 CST 2015.
    -->
    update fa_invoice
    <set>
      <if test="faNo != null">
        fa_no = #{faNo,jdbcType=VARCHAR},
      </if>
      <if test="faTime != null">
        fa_time = #{faTime,jdbcType=TIMESTAMP},
      </if>
      <if test="faPhone != null">
        fa_phone = #{faPhone,jdbcType=VARCHAR},
      </if>
      <if test="faPoint != null">
        fa_point = #{faPoint,jdbcType=BIGINT},
      </if>
      <if test="faClientele != null">
        fa_clientele = #{faClientele,jdbcType=BIGINT},
      </if>
      <if test="soPhone != null">
        so_phone = #{soPhone,jdbcType=VARCHAR},
      </if>
      <if test="soClientele != null">
        so_clientele = #{soClientele,jdbcType=BIGINT},
      </if>
      <if test="soPoint != null">
        so_point = #{soPoint,jdbcType=BIGINT},
      </if>
      <if test="freight != null">
        freight = #{freight,jdbcType=INTEGER},
      </if>
      <if test="collection != null">
        collection = #{collection,jdbcType=INTEGER},
      </if>
      <if test="insTime != null">
        ins_time = #{insTime,jdbcType=TIMESTAMP},
      </if>
      <if test="upTime != null">
        up_time = #{upTime,jdbcType=TIMESTAMP},
      </if>
      <if test="status != null">
        status = #{status,jdbcType=INTEGER},
      </if>
      <if test="countInsurance != null">
        count_insurance = #{countInsurance,jdbcType=INTEGER},
      </if>
      <if test="fee != null">
        fee = #{fee,jdbcType=INTEGER},
      </if>
      <if test="freightWay != null">
        freight_way = #{freightWay,jdbcType=INTEGER},
      </if>
      <if test="collectionWay != null">
        collection_way = #{collectionWay,jdbcType=INTEGER},
      </if>
      <if test="bankCode != null">
        bank_code = #{bankCode,jdbcType=VARCHAR},
      </if>
      <if test="cardNo != null">
        card_no = #{cardNo,jdbcType=VARCHAR},
      </if>
      <if test="soWay != null">
        so_way = #{soWay,jdbcType=INTEGER},
      </if>
      <if test="faName != null">
        fa_name = #{faName,jdbcType=VARCHAR},
      </if>
      <if test="soName != null">
        so_name = #{soName,jdbcType=VARCHAR},
      </if>
      <if test="soPointSubName != null">
        so_point_sub_name = #{soPointSubName,jdbcType=VARCHAR},
      </if>
      <if test="soPointSubMoney != null">
        so_point_sub_money = #{soPointSubMoney,jdbcType=INTEGER},
      </if>
      <if test="soTime != null">
        so_time = #{soTime,jdbcType=TIMESTAMP},
      </if>
      <if test="collectionTime != null">
        collection_time = #{collectionTime,jdbcType=TIMESTAMP},
      </if>
      <if test="cargoNum != null">
        cargo_num = #{cargoNum,jdbcType=INTEGER},
      </if>
    </set>
    where id = #{id,jdbcType=BIGINT}
  </update>
  <update id="updateByPrimaryKey" parameterType="com.isatk.model.dto.FaInvoice">
    <!--
      WARNING - @mbggenerated
      This element is automatically generated by MyBatis Generator, do not modify.
      This element was generated on Sun Sep 06 22:04:08 CST 2015.
    -->
    update fa_invoice
    set fa_no = #{faNo,jdbcType=VARCHAR},
      fa_time = #{faTime,jdbcType=TIMESTAMP},
      fa_phone = #{faPhone,jdbcType=VARCHAR},
      fa_point = #{faPoint,jdbcType=BIGINT},
      fa_clientele = #{faClientele,jdbcType=BIGINT},
      so_phone = #{soPhone,jdbcType=VARCHAR},
      so_clientele = #{soClientele,jdbcType=BIGINT},
      so_point = #{soPoint,jdbcType=BIGINT},
      freight = #{freight,jdbcType=INTEGER},
      collection = #{collection,jdbcType=INTEGER},
      ins_time = #{insTime,jdbcType=TIMESTAMP},
      up_time = #{upTime,jdbcType=TIMESTAMP},
      status = #{status,jdbcType=INTEGER},
      count_insurance = #{countInsurance,jdbcType=INTEGER},
      fee = #{fee,jdbcType=INTEGER},
      freight_way = #{freightWay,jdbcType=INTEGER},
      collection_way = #{collectionWay,jdbcType=INTEGER},
      bank_code = #{bankCode,jdbcType=VARCHAR},
      card_no = #{cardNo,jdbcType=VARCHAR},
      so_way = #{soWay,jdbcType=INTEGER},
      fa_name = #{faName,jdbcType=VARCHAR},
      so_name = #{soName,jdbcType=VARCHAR},
      so_point_sub_name = #{soPointSubName,jdbcType=VARCHAR},
      so_point_sub_money = #{soPointSubMoney,jdbcType=INTEGER},
      so_time = #{soTime,jdbcType=TIMESTAMP},
      collection_time = #{collectionTime,jdbcType=TIMESTAMP},
      cargo_num = #{cargoNum,jdbcType=INTEGER}
    where id = #{id,jdbcType=BIGINT}
  </update>
  
  
  <select id="selectListByCondiction" parameterType="com.isatk.model.dto.FaInvoice" resultMap="BaseResultMap">
    select 
    <include refid="Base_Column_List" />
    from fa_invoice
    <where>
      <if test="faNo != null">
        fa_no = #{faNo,jdbcType=VARCHAR}
      </if>
      <if test="faTime != null">
        fa_time = #{faTime,jdbcType=TIMESTAMP}
      </if>
      <if test="faPhone != null">
        fa_phone = #{faPhone,jdbcType=VARCHAR}
      </if>
      <if test="faPoint != null">
        fa_point = #{faPoint,jdbcType=BIGINT}
      </if>
      <if test="faClientele != null">
        fa_clientele = #{faClientele,jdbcType=BIGINT}
      </if>
      <if test="soPhone != null">
        so_phone = #{soPhone,jdbcType=VARCHAR}
      </if>
      <if test="soClientele != null">
        so_clientele = #{soClientele,jdbcType=BIGINT}
      </if>
      <if test="soPoint != null">
        so_point = #{soPoint,jdbcType=BIGINT}
      </if>
      <if test="freight != null">
        freight = #{freight,jdbcType=INTEGER}
      </if>
      <if test="collection != null">
        collection = #{collection,jdbcType=INTEGER}
      </if>
      <if test="insTime != null">
        ins_time = #{insTime,jdbcType=TIMESTAMP}
      </if>
      <if test="upTime != null">
        up_time = #{upTime,jdbcType=TIMESTAMP}
      </if>
      <if test="status != null">
        status = #{status,jdbcType=INTEGER}
      </if>
      <if test="countInsurance != null">
        count_insurance = #{countInsurance,jdbcType=INTEGER}
      </if>
      <if test="fee != null">
        fee = #{fee,jdbcType=INTEGER}
      </if>
      <if test="freightWay != null">
        freight_way = #{freightWay,jdbcType=INTEGER}
      </if>
      <if test="collectionWay != null">
        collection_way = #{collectionWay,jdbcType=INTEGER}
      </if>
      <if test="bankCode != null">
        bank_code = #{bankCode,jdbcType=VARCHAR}
      </if>
      <if test="cardNo != null">
        card_no = #{cardNo,jdbcType=VARCHAR}
      </if>
      <if test="soWay != null">
        so_way = #{soWay,jdbcType=INTEGER}
      </if>
      <if test="soName != null">
        so_name like concat('%',#{soName,jdbcType=VARCHAR},'%')
      </if>
      </where>
	    <if test="page != null">
	      limit #{page.length} offset #{page.begin}
	    </if>
  </select>
  
  <select id="countByCondiction" parameterType="com.isatk.model.dto.FaInvoice" resultType="int">
    select 
   	count(*)
    from fa_invoice
    <where>
      <if test="faNo != null">
        and fa_no = #{faNo,jdbcType=VARCHAR}
      </if>
      <if test="faTime != null">
       and  fa_time = #{faTime,jdbcType=TIMESTAMP}
      </if>
      <if test="faPhone != null">
        and fa_phone = #{faPhone,jdbcType=VARCHAR}
      </if>
      <if test="faPoint != null">
        and fa_point = #{faPoint,jdbcType=BIGINT}
      </if>
      <if test="faClientele != null">
        and fa_clientele = #{faClientele,jdbcType=BIGINT}
      </if>
      <if test="soPhone != null">
        and so_phone = #{soPhone,jdbcType=VARCHAR}
      </if>
      <if test="soClientele != null">
        and so_clientele = #{soClientele,jdbcType=BIGINT}
      </if>
      <if test="soPoint != null">
        and so_point = #{soPoint,jdbcType=BIGINT}
      </if>
      <if test="freight != null">
        and freight = #{freight,jdbcType=INTEGER}
      </if>
      <if test="collection != null">
        and collection = #{collection,jdbcType=INTEGER}
      </if>
      <if test="insTime != null">
        and ins_time = #{insTime,jdbcType=TIMESTAMP}
      </if>
      <if test="upTime != null">
        and up_time = #{upTime,jdbcType=TIMESTAMP}
      </if>
      <if test="status != null">
        and status = #{status,jdbcType=INTEGER}
      </if>
      <if test="countInsurance != null">
        and count_insurance = #{countInsurance,jdbcType=INTEGER}
      </if>
      <if test="fee != null">
        and fee = #{fee,jdbcType=INTEGER}
      </if>
      <if test="freightWay != null">
        and freight_way = #{freightWay,jdbcType=INTEGER}
      </if>
      <if test="collectionWay != null">
        and collection_way = #{collectionWay,jdbcType=INTEGER}
      </if>
      <if test="bankCode != null">
       and  bank_code = #{bankCode,jdbcType=VARCHAR}
      </if>
       <if test="cardNo != null">
      and  card_no = #{cardNo,jdbcType=VARCHAR}
      </if>
      <if test="soWay != null">
       and  so_way = #{soWay,jdbcType=INTEGER}
      </if>
      <if test="soName != null">
       and so_name like concat('%',#{soName,jdbcType=VARCHAR},'%')
      </if>
      </where>
  </select>
  
  <resultMap extends="BaseResultMap" id="FaInvoiceResultMap" type="com.isatk.model.dto.FaInvoice">
	    <association javaType="com.isatk.model.dto.SysPoint" property="sysPointF">
	    	<result column="spf_name" jdbcType="VARCHAR" property="name" />
	    </association>
	    <association javaType="com.isatk.model.dto.SysPoint" property="sysPointS">
	    	<result column="sps_name" jdbcType="VARCHAR" property="name" />
	    </association>
	    <association javaType="com.isatk.model.dto.BasClientele" property="basClienteleF">
	    	<result column="bcf_name" jdbcType="VARCHAR" property="name" />
    		<result column="bcf_phone" jdbcType="VARCHAR" property="phone" />
	    </association>
	    <association javaType="com.isatk.model.dto.BasClientele" property="basClienteleS">
	    	<result column="bcs_name" jdbcType="VARCHAR" property="name" />
    		<result column="bcs_phone" jdbcType="VARCHAR" property="phone" />
	    </association>
	</resultMap>
  
  <select id="selectDetail" parameterType="com.isatk.model.dto.FaInvoice" resultMap="FaInvoiceResultMap">
  	SELECT
		fi.*,
		sps.`name` sps_name,
		spf.`name` spf_name,
		bcs.`name` bcs_name,
		bcs.phone bcs_phone,
		bcf.`name` bcf_name,
		bcf.phone bcf_phone
	FROM
		fa_invoice fi,
		sys_point sps,
		sys_point spf,
		bas_clientele bcs,
		bas_clientele bcf
	<where>
		fi.fa_point = spf.id
		AND fi.so_point = sps.id
		AND fi.fa_clientele = bcf.id
		AND fi.so_clientele = bcs.id
	  <if test="faNo != null">
        and fi.fa_no = #{faNo,jdbcType=VARCHAR}
      </if>
      <if test="faTime != null">
       and  TO_DAYS(fi.fa_time) = TO_DAYS(#{faTime,jdbcType=TIMESTAMP})
      </if>
      <if test="faPhone != null">
        and fi.fa_phone = #{faPhone,jdbcType=VARCHAR}
      </if>
      <if test="faPoint != null and soPoint != null">
      and (fi.fa_point = #{faPoint,jdbcType=BIGINT} and fi.so_point = #{soPoint,jdbcType=BIGINT})
      </if>
      <if test="faPoint != null and soPoint == null">
        and fi.fa_point = #{faPoint,jdbcType=BIGINT}
      </if>
      <if test="faClientele != null">
        and fi.fa_clientele = #{faClientele,jdbcType=BIGINT}
      </if>
      <if test="soPhone != null">
        and fi.so_phone = #{soPhone,jdbcType=VARCHAR}
      </if>
      <if test="soClientele != null">
        and fi.so_clientele = #{soClientele,jdbcType=BIGINT}
      </if>
      <if test="soPoint != null and faPoint == null">
        and fi.so_point = #{soPoint,jdbcType=BIGINT}
      </if>
      <if test="freight != null">
        and fi.freight = #{freight,jdbcType=INTEGER}
      </if>
      <if test="collection != null">
        and fi.collection = #{collection,jdbcType=INTEGER}
      </if>
      <if test="insTime != null">
        and TO_DAYS(fi.ins_time) = TO_DAYS(#{insTime,jdbcType=TIMESTAMP})
      </if>
      <if test="upTime != null">
        and TO_DAYS(fi.up_time) = TO_DAYS(#{upTime,jdbcType=TIMESTAMP})
      </if>
      <if test="status != null">
        and fi.status = #{status,jdbcType=INTEGER}
      </if>
      <if test="countInsurance != null">
        and fi.count_insurance = #{countInsurance,jdbcType=INTEGER}
      </if>
      <if test="fee != null">
        and fi.fee = #{fee,jdbcType=INTEGER}
      </if>
      <if test="freightWay != null">
        and fi.freight_way = #{freightWay,jdbcType=INTEGER}
      </if>
      <if test="collectionWay != null">
        and fi.collection_way = #{collectionWay,jdbcType=INTEGER}
      </if>
      <if test="bankCode != null">
       and  fi.bank_code = #{bankCode,jdbcType=VARCHAR}
      </if>
       <if test="cardNo != null">
      and  fi.card_no = #{cardNo,jdbcType=VARCHAR}
      </if>
      <if test="soWay != null">
       and  fi.so_way = #{soWay,jdbcType=INTEGER}
      </if>
      <if test="soTime != null">
       and TO_DAYS(so_time) = TO_DAYS(#{soTime,jdbcType=TIMESTAMP})
      </if>
      <if test="collectionTime != null">
       and TO_DAYS(collection_time) = TO_DAYS(#{collectionTime,jdbcType=TIMESTAMP})
      </if>
      <if test="soName != null">
       and fi.so_name like concat('%',#{soName,jdbcType=VARCHAR},'%')
      </if>
  	</where>
  	<if test="orderString != null">
      order by ${orderString}
    </if>
  	<if test="page != null">
      limit #{page.length} offset #{page.begin}
    </if>
  </select>
  <select id="countDetail" parameterType="com.isatk.model.dto.FaInvoice" resultType="int">
    select 
   	count(*)
    from fa_invoice fi
    <where>
       <if test="faNo != null">
        and fi.fa_no = #{faNo,jdbcType=VARCHAR}
      </if>
      <if test="faTime != null">
       and  TO_DAYS(fi.fa_time) = TO_DAYS(#{faTime,jdbcType=TIMESTAMP})
      </if>
      <if test="faPhone != null">
        and fi.fa_phone = #{faPhone,jdbcType=VARCHAR}
      </if>
      <if test="faPoint != null and soPoint != null">
      and (fi.fa_point = #{faPoint,jdbcType=BIGINT} and fi.so_point = #{soPoint,jdbcType=BIGINT})
      </if>
      <if test="faPoint != null and soPoint == null">
        and fi.fa_point = #{faPoint,jdbcType=BIGINT}
      </if>
      <if test="faClientele != null">
        and fi.fa_clientele = #{faClientele,jdbcType=BIGINT}
      </if>
      <if test="soPhone != null">
        and fi.so_phone = #{soPhone,jdbcType=VARCHAR}
      </if>
      <if test="soClientele != null">
        and fi.so_clientele = #{soClientele,jdbcType=BIGINT}
      </if>
      <if test="soPoint != null and faPoint == null">
        and fi.so_point = #{soPoint,jdbcType=BIGINT}
      </if>
      <if test="freight != null">
        and fi.freight = #{freight,jdbcType=INTEGER}
      </if>
      <if test="collection != null">
        and fi.collection = #{collection,jdbcType=INTEGER}
      </if>
      <if test="insTime != null">
        and TO_DAYS(fi.ins_time) = TO_DAYS(#{insTime,jdbcType=TIMESTAMP})
      </if>
      <if test="upTime != null">
        and TO_DAYS(fi.up_time) = TO_DAYS(#{upTime,jdbcType=TIMESTAMP})
      </if>
      <if test="status != null">
        and fi.status = #{status,jdbcType=INTEGER}
      </if>
      <if test="countInsurance != null">
        and fi.count_insurance = #{countInsurance,jdbcType=INTEGER}
      </if>
      <if test="fee != null">
        and fi.fee = #{fee,jdbcType=INTEGER}
      </if>
      <if test="freightWay != null">
        and fi.freight_way = #{freightWay,jdbcType=INTEGER}
      </if>
      <if test="collectionWay != null">
        and fi.collection_way = #{collectionWay,jdbcType=INTEGER}
      </if>
      <if test="bankCode != null">
       and  fi.bank_code = #{bankCode,jdbcType=VARCHAR}
      </if>
       <if test="cardNo != null">
      and  fi.card_no = #{cardNo,jdbcType=VARCHAR}
      </if>
      <if test="soWay != null">
       and  fi.so_way = #{soWay,jdbcType=INTEGER}
      </if>
      <if test="soTime != null">
       and TO_DAYS(so_time) = TO_DAYS(#{soTime,jdbcType=TIMESTAMP})
      </if>
      <if test="collectionTime != null">
       and TO_DAYS(collection_time) = TO_DAYS(#{collectionTime,jdbcType=TIMESTAMP})
      </if>
      <if test="soName != null">
      and  fi.so_name like concat('%',#{soName,jdbcType=VARCHAR},'%')
      </if>
      </where>
  </select>
	<resultMap id="sharemap" type="java.util.HashMap" >
		<result property="faNo" column="fa_no" javaType="java.lang.String" />
		<result property="bankCode" column="bank_code" javaType="java.lang.String" />
		<result property="cardNo" column="card_no" javaType="java.lang.String" />
		<result property="faNmae" column="fa_name" javaType="java.lang.String" />
		<result property="collection" column="collection" javaType="java.lang.Integer" />
		<result property="fee" column="fee" javaType="java.lang.Integer" />
	</resultMap>
	<select id="selectExcelDateByIds" parameterType="java.lang.String"  resultMap="sharemap">
		SELECT
			fi.*,
			sps.`name` sps_name,
			spf.`name` spf_name,
			bcs.`name` bcs_name,
			bcs.phone bcs_phone,
			bcf.`name` bcf_name,
			bcf.phone bcf_phone
		FROM
			fa_invoice fi,
			sys_point sps,
			sys_point spf,
			bas_clientele bcs,
			bas_clientele bcf
		 <where>
			fi.fa_point = spf.id
			AND fi.so_point = sps.id
			AND fi.fa_clientele = bcf.id
			AND fi.so_clientele = bcs.id
			and fi.collection_way = 1
			and fi.id in ( ${ids} )
		</where>
	</select>
	<select id="countDetail2" parameterType="com.isatk.model.dto.FaInvoice" resultMap="BaseResultMap">
  	SELECT
      count(*) freight_way /*行数*/,
      sum(freight) freight,
      sum(collection) collection,
      sum(count_insurance) count_insurance,
      sum(fee) fee,
      sum(so_point_sub_money) so_point_sub_money,
			sum(cargo_num) cargo_num,
      sum(if(collection=0,0,1)) collection_way/*代收件数*/
		FROM
			fa_invoice fi
	<where>
	  <if test="faNo != null">
        and fi.fa_no = #{faNo,jdbcType=VARCHAR}
      </if>
      <if test="faTime != null">
       and  TO_DAYS(fi.fa_time) = TO_DAYS(#{faTime,jdbcType=TIMESTAMP})
      </if>
      <if test="faPhone != null">
        and fi.fa_phone = #{faPhone,jdbcType=VARCHAR}
      </if>
      <if test="faPoint != null and soPoint != null">
      and (fi.fa_point = #{faPoint,jdbcType=BIGINT} and fi.so_point = #{soPoint,jdbcType=BIGINT})
      </if>
      <if test="faPoint != null and soPoint == null">
        and fi.fa_point = #{faPoint,jdbcType=BIGINT}
      </if>
      <if test="faClientele != null">
        and fi.fa_clientele = #{faClientele,jdbcType=BIGINT}
      </if>
      <if test="soPhone != null">
        and fi.so_phone = #{soPhone,jdbcType=VARCHAR}
      </if>
      <if test="soClientele != null">
        and fi.so_clientele = #{soClientele,jdbcType=BIGINT}
      </if>
      <if test="soPoint != null and faPoint == null">
        and fi.so_point = #{soPoint,jdbcType=BIGINT}
      </if>
      <if test="freight != null">
        and fi.freight = #{freight,jdbcType=INTEGER}
      </if>
      <if test="collection != null">
        and fi.collection = #{collection,jdbcType=INTEGER}
      </if>
      <if test="insTime != null">
        and TO_DAYS(fi.ins_time) = TO_DAYS(#{insTime,jdbcType=TIMESTAMP})
      </if>
      <if test="upTime != null">
        and TO_DAYS(fi.up_time) = TO_DAYS(#{upTime,jdbcType=TIMESTAMP})
      </if>
      <if test="status != null">
        and fi.status = #{status,jdbcType=INTEGER}
      </if>
      <if test="countInsurance != null">
        and fi.count_insurance = #{countInsurance,jdbcType=INTEGER}
      </if>
      <if test="fee != null">
        and fi.fee = #{fee,jdbcType=INTEGER}
      </if>
      <if test="freightWay != null">
        and fi.freight_way = #{freightWay,jdbcType=INTEGER}
      </if>
      <if test="collectionWay != null">
        and fi.collection_way = #{collectionWay,jdbcType=INTEGER}
      </if>
      <if test="bankCode != null">
       and  fi.bank_code = #{bankCode,jdbcType=VARCHAR}
      </if>
       <if test="cardNo != null">
      and  fi.card_no = #{cardNo,jdbcType=VARCHAR}
      </if>
      <if test="soWay != null">
       and  fi.so_way = #{soWay,jdbcType=INTEGER}
      </if>
      <if test="soTime != null">
       and TO_DAYS(so_time) = TO_DAYS(#{soTime,jdbcType=TIMESTAMP})
      </if>
      <if test="collectionTime != null">
       and TO_DAYS(collection_time) = TO_DAYS(#{collectionTime,jdbcType=TIMESTAMP})
      </if>
      <if test="soName != null">
       and fi.so_name like concat('%',#{soName,jdbcType=VARCHAR},'%')
      </if>
  	</where>
  	<if test="page != null">
      limit #{page.length} offset #{page.begin}
    </if>
  </select>
</mapper>