<?xml version="1.0" encoding="UTF-8" ?>
<!DOCTYPE mapper PUBLIC "-//mybatis.org//DTD Mapper 3.0//EN" "http://mybatis.org/dtd/mybatis-3-mapper.dtd" >
<mapper namespace="com.isatk.model.dao.FaInvoiceDelMapper" >
  <resultMap id="BaseResultMap" type="com.isatk.model.dto.FaInvoiceDel" >
    <!--
      WARNING - @mbggenerated
      This element is automatically generated by MyBatis Generator, do not modify.
      This element was generated on Mon Oct 19 22:20:43 CST 2015.
    -->
    <id column="id" property="id" jdbcType="BIGINT" />
    <result column="fa_no" property="faNo" jdbcType="VARCHAR" />
    <result column="fa_time" property="faTime" jdbcType="TIMESTAMP" />
    <result column="fa_phone" property="faPhone" jdbcType="VARCHAR" />
    <result column="fa_point" property="faPoint" jdbcType="BIGINT" />
    <result column="fa_clientele" property="faClientele" jdbcType="BIGINT" />
    <result column="so_phone" property="soPhone" jdbcType="VARCHAR" />
    <result column="so_clientele" property="soClientele" jdbcType="BIGINT" />
    <result column="so_point" property="soPoint" jdbcType="BIGINT" />
    <result column="freight" property="freight" jdbcType="INTEGER" />
    <result column="collection" property="collection" jdbcType="INTEGER" />
    <result column="ins_time" property="insTime" jdbcType="TIMESTAMP" />
    <result column="up_time" property="upTime" jdbcType="TIMESTAMP" />
    <result column="status" property="status" jdbcType="INTEGER" />
    <result column="count_insurance" property="countInsurance" jdbcType="INTEGER" />
    <result column="fee" property="fee" jdbcType="INTEGER" />
    <result column="freight_way" property="freightWay" jdbcType="INTEGER" />
    <result column="collection_way" property="collectionWay" jdbcType="INTEGER" />
    <result column="bank_code" property="bankCode" jdbcType="VARCHAR" />
    <result column="card_no" property="cardNo" jdbcType="VARCHAR" />
    <result column="so_way" property="soWay" jdbcType="INTEGER" />
    <result column="fa_name" property="faName" jdbcType="VARCHAR" />
    <result column="so_name" property="soName" jdbcType="VARCHAR" />
    <result column="so_point_sub_name" property="soPointSubName" jdbcType="VARCHAR" />
    <result column="so_point_sub_money" property="soPointSubMoney" jdbcType="INTEGER" />
    <result column="so_time" property="soTime" jdbcType="TIMESTAMP" />
    <result column="collection_time" property="collectionTime" jdbcType="TIMESTAMP" />
    <result column="cargo_num" property="cargoNum" jdbcType="INTEGER" />
    <result column="del_user_id" property="delUserId" jdbcType="BIGINT" />
    <result column="del_date" property="delDate" jdbcType="TIMESTAMP" />
    <result column="del_user_name" property="delUserName" jdbcType="VARCHAR" />
  </resultMap>
  <sql id="Example_Where_Clause" >
    <!--
      WARNING - @mbggenerated
      This element is automatically generated by MyBatis Generator, do not modify.
      This element was generated on Mon Oct 19 22:20:43 CST 2015.
    -->
    <where >
      <foreach collection="oredCriteria" item="criteria" separator="or" >
        <if test="criteria.valid" >
          <trim prefix="(" suffix=")" prefixOverrides="and" >
            <foreach collection="criteria.criteria" item="criterion" >
              <choose >
                <when test="criterion.noValue" >
                  and ${criterion.condition}
                </when>
                <when test="criterion.singleValue" >
                  and ${criterion.condition} #{criterion.value}
                </when>
                <when test="criterion.betweenValue" >
                  and ${criterion.condition} #{criterion.value} and #{criterion.secondValue}
                </when>
                <when test="criterion.listValue" >
                  and ${criterion.condition}
                  <foreach collection="criterion.value" item="listItem" open="(" close=")" separator="," >
                    #{listItem}
                  </foreach>
                </when>
              </choose>
            </foreach>
          </trim>
        </if>
      </foreach>
    </where>
  </sql>
  <sql id="Update_By_Example_Where_Clause" >
    <!--
      WARNING - @mbggenerated
      This element is automatically generated by MyBatis Generator, do not modify.
      This element was generated on Mon Oct 19 22:20:43 CST 2015.
    -->
    <where >
      <foreach collection="example.oredCriteria" item="criteria" separator="or" >
        <if test="criteria.valid" >
          <trim prefix="(" suffix=")" prefixOverrides="and" >
            <foreach collection="criteria.criteria" item="criterion" >
              <choose >
                <when test="criterion.noValue" >
                  and ${criterion.condition}
                </when>
                <when test="criterion.singleValue" >
                  and ${criterion.condition} #{criterion.value}
                </when>
                <when test="criterion.betweenValue" >
                  and ${criterion.condition} #{criterion.value} and #{criterion.secondValue}
                </when>
                <when test="criterion.listValue" >
                  and ${criterion.condition}
                  <foreach collection="criterion.value" item="listItem" open="(" close=")" separator="," >
                    #{listItem}
                  </foreach>
                </when>
              </choose>
            </foreach>
          </trim>
        </if>
      </foreach>
    </where>
  </sql>
  <sql id="Base_Column_List" >
    <!--
      WARNING - @mbggenerated
      This element is automatically generated by MyBatis Generator, do not modify.
      This element was generated on Mon Oct 19 22:20:43 CST 2015.
    -->
    id, fa_no, fa_time, fa_phone, fa_point, fa_clientele, so_phone, so_clientele, so_point, 
    freight, collection, ins_time, up_time, status, count_insurance, fee, freight_way, 
    collection_way, bank_code, card_no, so_way, fa_name, so_name, so_point_sub_name, 
    so_point_sub_money, so_time, collection_time, cargo_num, del_user_id, del_date, del_user_name
  </sql>
  <select id="selectByExample" resultMap="BaseResultMap" parameterType="com.isatk.model.dto.FaInvoiceDelExample" >
    <!--
      WARNING - @mbggenerated
      This element is automatically generated by MyBatis Generator, do not modify.
      This element was generated on Mon Oct 19 22:20:43 CST 2015.
    -->
    select
    <if test="distinct" >
      distinct
    </if>
    <include refid="Base_Column_List" />
    from fa_invoice_del
    <if test="_parameter != null" >
      <include refid="Example_Where_Clause" />
    </if>
    <if test="orderByClause != null" >
      order by ${orderByClause}
    </if>
    <if test="page != null" >
      limit #{page.length} offset #{page.begin}
    </if>
  </select>
  <select id="selectByPrimaryKey" resultMap="BaseResultMap" parameterType="java.lang.Long" >
    <!--
      WARNING - @mbggenerated
      This element is automatically generated by MyBatis Generator, do not modify.
      This element was generated on Mon Oct 19 22:20:43 CST 2015.
    -->
    select 
    <include refid="Base_Column_List" />
    from fa_invoice_del
    where id = #{id,jdbcType=BIGINT}
  </select>
  <delete id="deleteByPrimaryKey" parameterType="java.lang.Long" >
    <!--
      WARNING - @mbggenerated
      This element is automatically generated by MyBatis Generator, do not modify.
      This element was generated on Mon Oct 19 22:20:43 CST 2015.
    -->
    delete from fa_invoice_del
    where id = #{id,jdbcType=BIGINT}
  </delete>
  <delete id="deleteByExample" parameterType="com.isatk.model.dto.FaInvoiceDelExample" >
    <!--
      WARNING - @mbggenerated
      This element is automatically generated by MyBatis Generator, do not modify.
      This element was generated on Mon Oct 19 22:20:43 CST 2015.
    -->
    delete from fa_invoice_del
    <if test="_parameter != null" >
      <include refid="Example_Where_Clause" />
    </if>
  </delete>
  <insert id="insert" parameterType="com.isatk.model.dto.FaInvoiceDel" >
    <!--
      WARNING - @mbggenerated
      This element is automatically generated by MyBatis Generator, do not modify.
      This element was generated on Mon Oct 19 22:20:43 CST 2015.
    -->
    insert into fa_invoice_del (id, fa_no, fa_time, 
      fa_phone, fa_point, fa_clientele, 
      so_phone, so_clientele, so_point, 
      freight, collection, ins_time, 
      up_time, status, count_insurance, 
      fee, freight_way, collection_way, 
      bank_code, card_no, so_way, 
      fa_name, so_name, so_point_sub_name, 
      so_point_sub_money, so_time, collection_time, 
      cargo_num, del_user_id, del_date, 
      del_user_name)
    values (#{id,jdbcType=BIGINT}, #{faNo,jdbcType=VARCHAR}, #{faTime,jdbcType=TIMESTAMP}, 
      #{faPhone,jdbcType=VARCHAR}, #{faPoint,jdbcType=BIGINT}, #{faClientele,jdbcType=BIGINT}, 
      #{soPhone,jdbcType=VARCHAR}, #{soClientele,jdbcType=BIGINT}, #{soPoint,jdbcType=BIGINT}, 
      #{freight,jdbcType=INTEGER}, #{collection,jdbcType=INTEGER}, #{insTime,jdbcType=TIMESTAMP}, 
      #{upTime,jdbcType=TIMESTAMP}, #{status,jdbcType=INTEGER}, #{countInsurance,jdbcType=INTEGER}, 
      #{fee,jdbcType=INTEGER}, #{freightWay,jdbcType=INTEGER}, #{collectionWay,jdbcType=INTEGER}, 
      #{bankCode,jdbcType=VARCHAR}, #{cardNo,jdbcType=VARCHAR}, #{soWay,jdbcType=INTEGER}, 
      #{faName,jdbcType=VARCHAR}, #{soName,jdbcType=VARCHAR}, #{soPointSubName,jdbcType=VARCHAR}, 
      #{soPointSubMoney,jdbcType=INTEGER}, #{soTime,jdbcType=TIMESTAMP}, #{collectionTime,jdbcType=TIMESTAMP}, 
      #{cargoNum,jdbcType=INTEGER}, #{delUserId,jdbcType=BIGINT}, #{delDate,jdbcType=TIMESTAMP}, 
      #{delUserName,jdbcType=VARCHAR})
  </insert>
  <insert id="insertSelective" parameterType="com.isatk.model.dto.FaInvoiceDel" >
    <!--
      WARNING - @mbggenerated
      This element is automatically generated by MyBatis Generator, do not modify.
      This element was generated on Mon Oct 19 22:20:43 CST 2015.
    -->
    insert into fa_invoice_del
    <trim prefix="(" suffix=")" suffixOverrides="," >
      <if test="id != null" >
        id,
      </if>
      <if test="faNo != null" >
        fa_no,
      </if>
      <if test="faTime != null" >
        fa_time,
      </if>
      <if test="faPhone != null" >
        fa_phone,
      </if>
      <if test="faPoint != null" >
        fa_point,
      </if>
      <if test="faClientele != null" >
        fa_clientele,
      </if>
      <if test="soPhone != null" >
        so_phone,
      </if>
      <if test="soClientele != null" >
        so_clientele,
      </if>
      <if test="soPoint != null" >
        so_point,
      </if>
      <if test="freight != null" >
        freight,
      </if>
      <if test="collection != null" >
        collection,
      </if>
      <if test="insTime != null" >
        ins_time,
      </if>
      <if test="upTime != null" >
        up_time,
      </if>
      <if test="status != null" >
        status,
      </if>
      <if test="countInsurance != null" >
        count_insurance,
      </if>
      <if test="fee != null" >
        fee,
      </if>
      <if test="freightWay != null" >
        freight_way,
      </if>
      <if test="collectionWay != null" >
        collection_way,
      </if>
      <if test="bankCode != null" >
        bank_code,
      </if>
      <if test="cardNo != null" >
        card_no,
      </if>
      <if test="soWay != null" >
        so_way,
      </if>
      <if test="faName != null" >
        fa_name,
      </if>
      <if test="soName != null" >
        so_name,
      </if>
      <if test="soPointSubName != null" >
        so_point_sub_name,
      </if>
      <if test="soPointSubMoney != null" >
        so_point_sub_money,
      </if>
      <if test="soTime != null" >
        so_time,
      </if>
      <if test="collectionTime != null" >
        collection_time,
      </if>
      <if test="cargoNum != null" >
        cargo_num,
      </if>
      <if test="delUserId != null" >
        del_user_id,
      </if>
      <if test="delDate != null" >
        del_date,
      </if>
      <if test="delUserName != null" >
        del_user_name,
      </if>
    </trim>
    <trim prefix="values (" suffix=")" suffixOverrides="," >
      <if test="id != null" >
        #{id,jdbcType=BIGINT},
      </if>
      <if test="faNo != null" >
        #{faNo,jdbcType=VARCHAR},
      </if>
      <if test="faTime != null" >
        #{faTime,jdbcType=TIMESTAMP},
      </if>
      <if test="faPhone != null" >
        #{faPhone,jdbcType=VARCHAR},
      </if>
      <if test="faPoint != null" >
        #{faPoint,jdbcType=BIGINT},
      </if>
      <if test="faClientele != null" >
        #{faClientele,jdbcType=BIGINT},
      </if>
      <if test="soPhone != null" >
        #{soPhone,jdbcType=VARCHAR},
      </if>
      <if test="soClientele != null" >
        #{soClientele,jdbcType=BIGINT},
      </if>
      <if test="soPoint != null" >
        #{soPoint,jdbcType=BIGINT},
      </if>
      <if test="freight != null" >
        #{freight,jdbcType=INTEGER},
      </if>
      <if test="collection != null" >
        #{collection,jdbcType=INTEGER},
      </if>
      <if test="insTime != null" >
        #{insTime,jdbcType=TIMESTAMP},
      </if>
      <if test="upTime != null" >
        #{upTime,jdbcType=TIMESTAMP},
      </if>
      <if test="status != null" >
        #{status,jdbcType=INTEGER},
      </if>
      <if test="countInsurance != null" >
        #{countInsurance,jdbcType=INTEGER},
      </if>
      <if test="fee != null" >
        #{fee,jdbcType=INTEGER},
      </if>
      <if test="freightWay != null" >
        #{freightWay,jdbcType=INTEGER},
      </if>
      <if test="collectionWay != null" >
        #{collectionWay,jdbcType=INTEGER},
      </if>
      <if test="bankCode != null" >
        #{bankCode,jdbcType=VARCHAR},
      </if>
      <if test="cardNo != null" >
        #{cardNo,jdbcType=VARCHAR},
      </if>
      <if test="soWay != null" >
        #{soWay,jdbcType=INTEGER},
      </if>
      <if test="faName != null" >
        #{faName,jdbcType=VARCHAR},
      </if>
      <if test="soName != null" >
        #{soName,jdbcType=VARCHAR},
      </if>
      <if test="soPointSubName != null" >
        #{soPointSubName,jdbcType=VARCHAR},
      </if>
      <if test="soPointSubMoney != null" >
        #{soPointSubMoney,jdbcType=INTEGER},
      </if>
      <if test="soTime != null" >
        #{soTime,jdbcType=TIMESTAMP},
      </if>
      <if test="collectionTime != null" >
        #{collectionTime,jdbcType=TIMESTAMP},
      </if>
      <if test="cargoNum != null" >
        #{cargoNum,jdbcType=INTEGER},
      </if>
      <if test="delUserId != null" >
        #{delUserId,jdbcType=BIGINT},
      </if>
      <if test="delDate != null" >
        #{delDate,jdbcType=TIMESTAMP},
      </if>
      <if test="delUserName != null" >
        #{delUserName,jdbcType=VARCHAR},
      </if>
    </trim>
  </insert>
  <select id="countByExample" parameterType="com.isatk.model.dto.FaInvoiceDelExample" resultType="java.lang.Integer" >
    <!--
      WARNING - @mbggenerated
      This element is automatically generated by MyBatis Generator, do not modify.
      This element was generated on Mon Oct 19 22:20:43 CST 2015.
    -->
    select count(*) from fa_invoice_del
    <if test="_parameter != null" >
      <include refid="Example_Where_Clause" />
    </if>
  </select>
  <update id="updateByExampleSelective" parameterType="map" >
    <!--
      WARNING - @mbggenerated
      This element is automatically generated by MyBatis Generator, do not modify.
      This element was generated on Mon Oct 19 22:20:43 CST 2015.
    -->
    update fa_invoice_del
    <set >
      <if test="record.id != null" >
        id = #{record.id,jdbcType=BIGINT},
      </if>
      <if test="record.faNo != null" >
        fa_no = #{record.faNo,jdbcType=VARCHAR},
      </if>
      <if test="record.faTime != null" >
        fa_time = #{record.faTime,jdbcType=TIMESTAMP},
      </if>
      <if test="record.faPhone != null" >
        fa_phone = #{record.faPhone,jdbcType=VARCHAR},
      </if>
      <if test="record.faPoint != null" >
        fa_point = #{record.faPoint,jdbcType=BIGINT},
      </if>
      <if test="record.faClientele != null" >
        fa_clientele = #{record.faClientele,jdbcType=BIGINT},
      </if>
      <if test="record.soPhone != null" >
        so_phone = #{record.soPhone,jdbcType=VARCHAR},
      </if>
      <if test="record.soClientele != null" >
        so_clientele = #{record.soClientele,jdbcType=BIGINT},
      </if>
      <if test="record.soPoint != null" >
        so_point = #{record.soPoint,jdbcType=BIGINT},
      </if>
      <if test="record.freight != null" >
        freight = #{record.freight,jdbcType=INTEGER},
      </if>
      <if test="record.collection != null" >
        collection = #{record.collection,jdbcType=INTEGER},
      </if>
      <if test="record.insTime != null" >
        ins_time = #{record.insTime,jdbcType=TIMESTAMP},
      </if>
      <if test="record.upTime != null" >
        up_time = #{record.upTime,jdbcType=TIMESTAMP},
      </if>
      <if test="record.status != null" >
        status = #{record.status,jdbcType=INTEGER},
      </if>
      <if test="record.countInsurance != null" >
        count_insurance = #{record.countInsurance,jdbcType=INTEGER},
      </if>
      <if test="record.fee != null" >
        fee = #{record.fee,jdbcType=INTEGER},
      </if>
      <if test="record.freightWay != null" >
        freight_way = #{record.freightWay,jdbcType=INTEGER},
      </if>
      <if test="record.collectionWay != null" >
        collection_way = #{record.collectionWay,jdbcType=INTEGER},
      </if>
      <if test="record.bankCode != null" >
        bank_code = #{record.bankCode,jdbcType=VARCHAR},
      </if>
      <if test="record.cardNo != null" >
        card_no = #{record.cardNo,jdbcType=VARCHAR},
      </if>
      <if test="record.soWay != null" >
        so_way = #{record.soWay,jdbcType=INTEGER},
      </if>
      <if test="record.faName != null" >
        fa_name = #{record.faName,jdbcType=VARCHAR},
      </if>
      <if test="record.soName != null" >
        so_name = #{record.soName,jdbcType=VARCHAR},
      </if>
      <if test="record.soPointSubName != null" >
        so_point_sub_name = #{record.soPointSubName,jdbcType=VARCHAR},
      </if>
      <if test="record.soPointSubMoney != null" >
        so_point_sub_money = #{record.soPointSubMoney,jdbcType=INTEGER},
      </if>
      <if test="record.soTime != null" >
        so_time = #{record.soTime,jdbcType=TIMESTAMP},
      </if>
      <if test="record.collectionTime != null" >
        collection_time = #{record.collectionTime,jdbcType=TIMESTAMP},
      </if>
      <if test="record.cargoNum != null" >
        cargo_num = #{record.cargoNum,jdbcType=INTEGER},
      </if>
      <if test="record.delUserId != null" >
        del_user_id = #{record.delUserId,jdbcType=BIGINT},
      </if>
      <if test="record.delDate != null" >
        del_date = #{record.delDate,jdbcType=TIMESTAMP},
      </if>
      <if test="record.delUserName != null" >
        del_user_name = #{record.delUserName,jdbcType=VARCHAR},
      </if>
    </set>
    <if test="_parameter != null" >
      <include refid="Update_By_Example_Where_Clause" />
    </if>
  </update>
  <update id="updateByExample" parameterType="map" >
    <!--
      WARNING - @mbggenerated
      This element is automatically generated by MyBatis Generator, do not modify.
      This element was generated on Mon Oct 19 22:20:43 CST 2015.
    -->
    update fa_invoice_del
    set id = #{record.id,jdbcType=BIGINT},
      fa_no = #{record.faNo,jdbcType=VARCHAR},
      fa_time = #{record.faTime,jdbcType=TIMESTAMP},
      fa_phone = #{record.faPhone,jdbcType=VARCHAR},
      fa_point = #{record.faPoint,jdbcType=BIGINT},
      fa_clientele = #{record.faClientele,jdbcType=BIGINT},
      so_phone = #{record.soPhone,jdbcType=VARCHAR},
      so_clientele = #{record.soClientele,jdbcType=BIGINT},
      so_point = #{record.soPoint,jdbcType=BIGINT},
      freight = #{record.freight,jdbcType=INTEGER},
      collection = #{record.collection,jdbcType=INTEGER},
      ins_time = #{record.insTime,jdbcType=TIMESTAMP},
      up_time = #{record.upTime,jdbcType=TIMESTAMP},
      status = #{record.status,jdbcType=INTEGER},
      count_insurance = #{record.countInsurance,jdbcType=INTEGER},
      fee = #{record.fee,jdbcType=INTEGER},
      freight_way = #{record.freightWay,jdbcType=INTEGER},
      collection_way = #{record.collectionWay,jdbcType=INTEGER},
      bank_code = #{record.bankCode,jdbcType=VARCHAR},
      card_no = #{record.cardNo,jdbcType=VARCHAR},
      so_way = #{record.soWay,jdbcType=INTEGER},
      fa_name = #{record.faName,jdbcType=VARCHAR},
      so_name = #{record.soName,jdbcType=VARCHAR},
      so_point_sub_name = #{record.soPointSubName,jdbcType=VARCHAR},
      so_point_sub_money = #{record.soPointSubMoney,jdbcType=INTEGER},
      so_time = #{record.soTime,jdbcType=TIMESTAMP},
      collection_time = #{record.collectionTime,jdbcType=TIMESTAMP},
      cargo_num = #{record.cargoNum,jdbcType=INTEGER},
      del_user_id = #{record.delUserId,jdbcType=BIGINT},
      del_date = #{record.delDate,jdbcType=TIMESTAMP},
      del_user_name = #{record.delUserName,jdbcType=VARCHAR}
    <if test="_parameter != null" >
      <include refid="Update_By_Example_Where_Clause" />
    </if>
  </update>
  <update id="updateByPrimaryKeySelective" parameterType="com.isatk.model.dto.FaInvoiceDel" >
    <!--
      WARNING - @mbggenerated
      This element is automatically generated by MyBatis Generator, do not modify.
      This element was generated on Mon Oct 19 22:20:43 CST 2015.
    -->
    update fa_invoice_del
    <set >
      <if test="faNo != null" >
        fa_no = #{faNo,jdbcType=VARCHAR},
      </if>
      <if test="faTime != null" >
        fa_time = #{faTime,jdbcType=TIMESTAMP},
      </if>
      <if test="faPhone != null" >
        fa_phone = #{faPhone,jdbcType=VARCHAR},
      </if>
      <if test="faPoint != null" >
        fa_point = #{faPoint,jdbcType=BIGINT},
      </if>
      <if test="faClientele != null" >
        fa_clientele = #{faClientele,jdbcType=BIGINT},
      </if>
      <if test="soPhone != null" >
        so_phone = #{soPhone,jdbcType=VARCHAR},
      </if>
      <if test="soClientele != null" >
        so_clientele = #{soClientele,jdbcType=BIGINT},
      </if>
      <if test="soPoint != null" >
        so_point = #{soPoint,jdbcType=BIGINT},
      </if>
      <if test="freight != null" >
        freight = #{freight,jdbcType=INTEGER},
      </if>
      <if test="collection != null" >
        collection = #{collection,jdbcType=INTEGER},
      </if>
      <if test="insTime != null" >
        ins_time = #{insTime,jdbcType=TIMESTAMP},
      </if>
      <if test="upTime != null" >
        up_time = #{upTime,jdbcType=TIMESTAMP},
      </if>
      <if test="status != null" >
        status = #{status,jdbcType=INTEGER},
      </if>
      <if test="countInsurance != null" >
        count_insurance = #{countInsurance,jdbcType=INTEGER},
      </if>
      <if test="fee != null" >
        fee = #{fee,jdbcType=INTEGER},
      </if>
      <if test="freightWay != null" >
        freight_way = #{freightWay,jdbcType=INTEGER},
      </if>
      <if test="collectionWay != null" >
        collection_way = #{collectionWay,jdbcType=INTEGER},
      </if>
      <if test="bankCode != null" >
        bank_code = #{bankCode,jdbcType=VARCHAR},
      </if>
      <if test="cardNo != null" >
        card_no = #{cardNo,jdbcType=VARCHAR},
      </if>
      <if test="soWay != null" >
        so_way = #{soWay,jdbcType=INTEGER},
      </if>
      <if test="faName != null" >
        fa_name = #{faName,jdbcType=VARCHAR},
      </if>
      <if test="soName != null" >
        so_name = #{soName,jdbcType=VARCHAR},
      </if>
      <if test="soPointSubName != null" >
        so_point_sub_name = #{soPointSubName,jdbcType=VARCHAR},
      </if>
      <if test="soPointSubMoney != null" >
        so_point_sub_money = #{soPointSubMoney,jdbcType=INTEGER},
      </if>
      <if test="soTime != null" >
        so_time = #{soTime,jdbcType=TIMESTAMP},
      </if>
      <if test="collectionTime != null" >
        collection_time = #{collectionTime,jdbcType=TIMESTAMP},
      </if>
      <if test="cargoNum != null" >
        cargo_num = #{cargoNum,jdbcType=INTEGER},
      </if>
      <if test="delUserId != null" >
        del_user_id = #{delUserId,jdbcType=BIGINT},
      </if>
      <if test="delDate != null" >
        del_date = #{delDate,jdbcType=TIMESTAMP},
      </if>
      <if test="delUserName != null" >
        del_user_name = #{delUserName,jdbcType=VARCHAR},
      </if>
    </set>
    where id = #{id,jdbcType=BIGINT}
  </update>
  <update id="updateByPrimaryKey" parameterType="com.isatk.model.dto.FaInvoiceDel" >
    <!--
      WARNING - @mbggenerated
      This element is automatically generated by MyBatis Generator, do not modify.
      This element was generated on Mon Oct 19 22:20:43 CST 2015.
    -->
    update fa_invoice_del
    set fa_no = #{faNo,jdbcType=VARCHAR},
      fa_time = #{faTime,jdbcType=TIMESTAMP},
      fa_phone = #{faPhone,jdbcType=VARCHAR},
      fa_point = #{faPoint,jdbcType=BIGINT},
      fa_clientele = #{faClientele,jdbcType=BIGINT},
      so_phone = #{soPhone,jdbcType=VARCHAR},
      so_clientele = #{soClientele,jdbcType=BIGINT},
      so_point = #{soPoint,jdbcType=BIGINT},
      freight = #{freight,jdbcType=INTEGER},
      collection = #{collection,jdbcType=INTEGER},
      ins_time = #{insTime,jdbcType=TIMESTAMP},
      up_time = #{upTime,jdbcType=TIMESTAMP},
      status = #{status,jdbcType=INTEGER},
      count_insurance = #{countInsurance,jdbcType=INTEGER},
      fee = #{fee,jdbcType=INTEGER},
      freight_way = #{freightWay,jdbcType=INTEGER},
      collection_way = #{collectionWay,jdbcType=INTEGER},
      bank_code = #{bankCode,jdbcType=VARCHAR},
      card_no = #{cardNo,jdbcType=VARCHAR},
      so_way = #{soWay,jdbcType=INTEGER},
      fa_name = #{faName,jdbcType=VARCHAR},
      so_name = #{soName,jdbcType=VARCHAR},
      so_point_sub_name = #{soPointSubName,jdbcType=VARCHAR},
      so_point_sub_money = #{soPointSubMoney,jdbcType=INTEGER},
      so_time = #{soTime,jdbcType=TIMESTAMP},
      collection_time = #{collectionTime,jdbcType=TIMESTAMP},
      cargo_num = #{cargoNum,jdbcType=INTEGER},
      del_user_id = #{delUserId,jdbcType=BIGINT},
      del_date = #{delDate,jdbcType=TIMESTAMP},
      del_user_name = #{delUserName,jdbcType=VARCHAR}
    where id = #{id,jdbcType=BIGINT}
  </update>
</mapper>