<?xml version="1.0" encoding="UTF-8"?>
<!DOCTYPE mapper PUBLIC "-//mybatis.org//DTD Mapper 3.0//EN" "http://mybatis.org/dtd/mybatis-3-mapper.dtd">
<mapper namespace="com.isatk.model.dao.SysUserMapper">
  <resultMap id="BaseResultMap" type="com.isatk.model.dto.SysUser">
    <!--
      WARNING - @mbggenerated
      This element is automatically generated by MyBatis Generator, do not modify.
      This element was generated on Tue May 05 20:07:07 CST 2015.
    -->
    <id column="id" jdbcType="BIGINT" property="id" />
    <result column="name" jdbcType="VARCHAR" property="name" />
    <result column="fa_range" jdbcType="BIGINT" property="faRange" />
    <result column="so_range" jdbcType="BIGINT" property="soRange" />
    <result column="login_name" jdbcType="VARCHAR" property="loginName" />
    <result column="pwd" jdbcType="VARCHAR" property="pwd" />
    <result column="ins_time" jdbcType="TIMESTAMP" property="insTime" />
    <result column="is_disable" jdbcType="INTEGER" property="isDisable" />
  </resultMap>
  <sql id="Example_Where_Clause">
    <!--
      WARNING - @mbggenerated
      This element is automatically generated by MyBatis Generator, do not modify.
      This element was generated on Tue May 05 20:07:07 CST 2015.
    -->
    <where>
      <foreach collection="oredCriteria" item="criteria" separator="or">
        <if test="criteria.valid">
          <trim prefix="(" prefixOverrides="and" suffix=")">
            <foreach collection="criteria.criteria" item="criterion">
              <choose>
                <when test="criterion.noValue">
                  and ${criterion.condition}
                </when>
                <when test="criterion.singleValue">
                  and ${criterion.condition} #{criterion.value}
                </when>
                <when test="criterion.betweenValue">
                  and ${criterion.condition} #{criterion.value} and #{criterion.secondValue}
                </when>
                <when test="criterion.listValue">
                  and ${criterion.condition}
                  <foreach close=")" collection="criterion.value" item="listItem" open="(" separator=",">
                    #{listItem}
                  </foreach>
                </when>
              </choose>
            </foreach>
          </trim>
        </if>
      </foreach>
    </where>
  </sql>
  <sql id="Update_By_Example_Where_Clause">
    <!--
      WARNING - @mbggenerated
      This element is automatically generated by MyBatis Generator, do not modify.
      This element was generated on Tue May 05 20:07:07 CST 2015.
    -->
    <where>
      <foreach collection="example.oredCriteria" item="criteria" separator="or">
        <if test="criteria.valid">
          <trim prefix="(" prefixOverrides="and" suffix=")">
            <foreach collection="criteria.criteria" item="criterion">
              <choose>
                <when test="criterion.noValue">
                  and ${criterion.condition}
                </when>
                <when test="criterion.singleValue">
                  and ${criterion.condition} #{criterion.value}
                </when>
                <when test="criterion.betweenValue">
                  and ${criterion.condition} #{criterion.value} and #{criterion.secondValue}
                </when>
                <when test="criterion.listValue">
                  and ${criterion.condition}
                  <foreach close=")" collection="criterion.value" item="listItem" open="(" separator=",">
                    #{listItem}
                  </foreach>
                </when>
              </choose>
            </foreach>
          </trim>
        </if>
      </foreach>
    </where>
  </sql>
  <sql id="Base_Column_List">
    <!--
      WARNING - @mbggenerated
      This element is automatically generated by MyBatis Generator, do not modify.
      This element was generated on Tue May 05 20:07:07 CST 2015.
    -->
    id, name, fa_range, so_range, login_name, pwd, ins_time, is_disable
  </sql>
  <select id="selectByExample" parameterType="com.isatk.model.dto.SysUserExample" resultMap="BaseResultMap">
    <!--
      WARNING - @mbggenerated
      This element is automatically generated by MyBatis Generator, do not modify.
      This element was generated on Tue May 05 20:07:07 CST 2015.
    -->
    select
    <if test="distinct">
      distinct
    </if>
    <include refid="Base_Column_List" />
    from sys_user
    <if test="_parameter != null">
      <include refid="Example_Where_Clause" />
    </if>
    <if test="orderByClause != null">
      order by ${orderByClause}
    </if>
    <if test="page != null">
      limit #{page.length} offset #{page.begin}
    </if>
  </select>
  <select id="selectByPrimaryKey" parameterType="java.lang.Long" resultMap="BaseResultMap">
    <!--
      WARNING - @mbggenerated
      This element is automatically generated by MyBatis Generator, do not modify.
      This element was generated on Tue May 05 20:07:07 CST 2015.
    -->
    select 
    <include refid="Base_Column_List" />
    from sys_user
    where id = #{id,jdbcType=BIGINT}
  </select>
  <delete id="deleteByPrimaryKey" parameterType="java.lang.Long">
    <!--
      WARNING - @mbggenerated
      This element is automatically generated by MyBatis Generator, do not modify.
      This element was generated on Tue May 05 20:07:07 CST 2015.
    -->
    delete from sys_user
    where id = #{id,jdbcType=BIGINT}
  </delete>
  <delete id="deleteByExample" parameterType="com.isatk.model.dto.SysUserExample">
    <!--
      WARNING - @mbggenerated
      This element is automatically generated by MyBatis Generator, do not modify.
      This element was generated on Tue May 05 20:07:07 CST 2015.
    -->
    delete from sys_user
    <if test="_parameter != null">
      <include refid="Example_Where_Clause" />
    </if>
  </delete>
  <insert id="insert" parameterType="com.isatk.model.dto.SysUser">
    <!--
      WARNING - @mbggenerated
      This element is automatically generated by MyBatis Generator, do not modify.
      This element was generated on Tue May 05 20:07:07 CST 2015.
    -->
    insert into sys_user (id, name, fa_range, 
      so_range, login_name, pwd, 
      ins_time, is_disable)
    values (#{id,jdbcType=BIGINT}, #{name,jdbcType=VARCHAR}, #{faRange,jdbcType=BIGINT}, 
      #{soRange,jdbcType=BIGINT}, #{loginName,jdbcType=VARCHAR}, #{pwd,jdbcType=VARCHAR}, 
      #{insTime,jdbcType=TIMESTAMP}, #{isDisable,jdbcType=INTEGER})
  </insert>
  <insert id="insertSelective" parameterType="com.isatk.model.dto.SysUser">
    <!--
      WARNING - @mbggenerated
      This element is automatically generated by MyBatis Generator, do not modify.
      This element was generated on Tue May 05 20:07:07 CST 2015.
    -->
    insert into sys_user
    <trim prefix="(" suffix=")" suffixOverrides=",">
      <if test="id != null">
        id,
      </if>
      <if test="name != null">
        name,
      </if>
      <if test="faRange != null">
        fa_range,
      </if>
      <if test="soRange != null">
        so_range,
      </if>
      <if test="loginName != null">
        login_name,
      </if>
      <if test="pwd != null">
        pwd,
      </if>
      <if test="insTime != null">
        ins_time,
      </if>
      <if test="isDisable != null">
        is_disable,
      </if>
    </trim>
    <trim prefix="values (" suffix=")" suffixOverrides=",">
      <if test="id != null">
        #{id,jdbcType=BIGINT},
      </if>
      <if test="name != null">
        #{name,jdbcType=VARCHAR},
      </if>
      <if test="faRange != null">
        #{faRange,jdbcType=BIGINT},
      </if>
      <if test="soRange != null">
        #{soRange,jdbcType=BIGINT},
      </if>
      <if test="loginName != null">
        #{loginName,jdbcType=VARCHAR},
      </if>
      <if test="pwd != null">
        #{pwd,jdbcType=VARCHAR},
      </if>
      <if test="insTime != null">
        #{insTime,jdbcType=TIMESTAMP},
      </if>
      <if test="isDisable != null">
        #{isDisable,jdbcType=INTEGER},
      </if>
    </trim>
  </insert>
  <select id="countByExample" parameterType="com.isatk.model.dto.SysUserExample" resultType="java.lang.Integer">
    <!--
      WARNING - @mbggenerated
      This element is automatically generated by MyBatis Generator, do not modify.
      This element was generated on Tue May 05 20:07:07 CST 2015.
    -->
    select count(*) from sys_user
    <if test="_parameter != null">
      <include refid="Example_Where_Clause" />
    </if>
  </select>
  <update id="updateByExampleSelective" parameterType="map">
    <!--
      WARNING - @mbggenerated
      This element is automatically generated by MyBatis Generator, do not modify.
      This element was generated on Tue May 05 20:07:07 CST 2015.
    -->
    update sys_user
    <set>
      <if test="record.id != null">
        id = #{record.id,jdbcType=BIGINT},
      </if>
      <if test="record.name != null">
        name = #{record.name,jdbcType=VARCHAR},
      </if>
      <if test="record.faRange != null">
        fa_range = #{record.faRange,jdbcType=BIGINT},
      </if>
      <if test="record.soRange != null">
        so_range = #{record.soRange,jdbcType=BIGINT},
      </if>
      <if test="record.loginName != null">
        login_name = #{record.loginName,jdbcType=VARCHAR},
      </if>
      <if test="record.pwd != null">
        pwd = #{record.pwd,jdbcType=VARCHAR},
      </if>
      <if test="record.insTime != null">
        ins_time = #{record.insTime,jdbcType=TIMESTAMP},
      </if>
      <if test="record.isDisable != null">
        is_disable = #{record.isDisable,jdbcType=INTEGER},
      </if>
    </set>
    <if test="_parameter != null">
      <include refid="Update_By_Example_Where_Clause" />
    </if>
  </update>
  <update id="updateByExample" parameterType="map">
    <!--
      WARNING - @mbggenerated
      This element is automatically generated by MyBatis Generator, do not modify.
      This element was generated on Tue May 05 20:07:07 CST 2015.
    -->
    update sys_user
    set id = #{record.id,jdbcType=BIGINT},
      name = #{record.name,jdbcType=VARCHAR},
      fa_range = #{record.faRange,jdbcType=BIGINT},
      so_range = #{record.soRange,jdbcType=BIGINT},
      login_name = #{record.loginName,jdbcType=VARCHAR},
      pwd = #{record.pwd,jdbcType=VARCHAR},
      ins_time = #{record.insTime,jdbcType=TIMESTAMP},
      is_disable = #{record.isDisable,jdbcType=INTEGER}
    <if test="_parameter != null">
      <include refid="Update_By_Example_Where_Clause" />
    </if>
  </update>
  <update id="updateByPrimaryKeySelective" parameterType="com.isatk.model.dto.SysUser">
    <!--
      WARNING - @mbggenerated
      This element is automatically generated by MyBatis Generator, do not modify.
      This element was generated on Tue May 05 20:07:07 CST 2015.
    -->
    update sys_user
    <set>
      <if test="name != null">
        name = #{name,jdbcType=VARCHAR},
      </if>
      <if test="faRange != null">
        fa_range = #{faRange,jdbcType=BIGINT},
      </if>
      <if test="soRange != null">
        so_range = #{soRange,jdbcType=BIGINT},
      </if>
      <if test="loginName != null">
        login_name = #{loginName,jdbcType=VARCHAR},
      </if>
      <if test="pwd != null">
        pwd = #{pwd,jdbcType=VARCHAR},
      </if>
      <if test="insTime != null">
        ins_time = #{insTime,jdbcType=TIMESTAMP},
      </if>
      <if test="isDisable != null">
        is_disable = #{isDisable,jdbcType=INTEGER},
      </if>
    </set>
    where id = #{id,jdbcType=BIGINT}
  </update>
  <update id="updateByPrimaryKey" parameterType="com.isatk.model.dto.SysUser">
    <!--
      WARNING - @mbggenerated
      This element is automatically generated by MyBatis Generator, do not modify.
      This element was generated on Tue May 05 20:07:07 CST 2015.
    -->
    update sys_user
    set name = #{name,jdbcType=VARCHAR},
      fa_range = #{faRange,jdbcType=BIGINT},
      so_range = #{soRange,jdbcType=BIGINT},
      login_name = #{loginName,jdbcType=VARCHAR},
      pwd = #{pwd,jdbcType=VARCHAR},
      ins_time = #{insTime,jdbcType=TIMESTAMP},
      is_disable = #{isDisable,jdbcType=INTEGER}
    where id = #{id,jdbcType=BIGINT}
  </update>
  <select id="selectListByCondiction" parameterType="com.isatk.model.dto.SysUser" resultMap="BaseResultMap">
    select 
    <include refid="Base_Column_List" />
    from sys_user
    <where>
      <if test="id != null">
        and id = #{id,jdbcType=BIGINT}
      </if>
      <if test="name != null">
        and name = #{name,jdbcType=VARCHAR}
      </if>
      <if test="faRange != null">
        and fa_range = #{faRange,jdbcType=BIGINT}
      </if>
      <if test="soRange != null">
        and so_range = #{soRange,jdbcType=BIGINT}
      </if>
      <if test="loginName != null">
        and login_name = #{loginName,jdbcType=VARCHAR}
      </if>
      <if test="pwd != null">
        and pwd = #{pwd,jdbcType=VARCHAR}
      </if>
      <if test="insTime != null">
        and ins_time = #{insTime,jdbcType=TIMESTAMP}
      </if>
      <if test="isDisable != null">
        and is_disable = #{isDisable,jdbcType=INTEGER}
      </if>
      </where>
	    <if test="page != null">
	      limit #{page.length} offset #{page.begin}
	    </if>
  </select>
  
  <select id="countByCondiction" parameterType="com.isatk.model.dto.SysUser" resultType="int">
    select 
   	count(*)
    from sys_user
    <where>
      <if test="id != null">
        and id = #{id,jdbcType=BIGINT}
      </if>
      <if test="name != null">
        and name = #{name,jdbcType=VARCHAR}
      </if>
      <if test="faRange != null">
        and fa_range = #{faRange,jdbcType=BIGINT}
      </if>
      <if test="soRange != null">
        and so_range = #{soRange,jdbcType=BIGINT}
      </if>
      <if test="loginName != null">
        and login_name = #{loginName,jdbcType=VARCHAR}
      </if>
      <if test="pwd != null">
        and pwd = #{pwd,jdbcType=VARCHAR}
      </if>
      <if test="insTime != null">
        and ins_time = #{insTime,jdbcType=TIMESTAMP}
      </if>
      <if test="isDisable != null">
        and is_disable = #{isDisable,jdbcType=INTEGER}
      </if>
      </where>
  </select>
</mapper>